BG_{t-5},BG_{t-4},BG_{t-3},BG_{t-2},BG_{t-1},BG_{t},BG_{t+1},BG_{t+2},BG_{t+3},BG_{t+4},BG_{t+5},BG_{t+6}
101,100,100,99,98,98,95,94,92,90,87,86
100,100,99,98,98,95,94,92,90,87,86,85
100,99,98,98,95,94,92,90,87,86,85,85
99,98,98,95,94,92,90,87,86,85,85,86
98,98,95,94,92,90,87,86,85,85,86,85
98,95,94,92,90,87,86,85,85,86,85,85
95,94,92,90,87,86,85,85,86,85,85,86
94,92,90,87,86,85,85,86,85,85,86,85
92,90,87,86,85,85,86,85,85,86,85,83
90,87,86,85,85,86,85,85,86,85,83,88
87,86,85,85,86,85,85,86,85,83,88,93
86,85,85,86,85,85,86,85,83,88,93,95
85,85,86,85,85,86,85,83,88,93,95,96
85,86,85,85,86,85,83,88,93,95,96,93
86,85,85,86,85,83,88,93,95,96,93,93
85,85,86,85,83,88,93,95,96,93,93,94
85,86,85,83,88,93,95,96,93,93,94,95
86,85,83,88,93,95,96,93,93,94,95,94
85,83,88,93,95,96,93,93,94,95,94,94
83,88,93,95,96,93,93,94,95,94,94,92
88,93,95,96,93,93,94,95,94,94,92,102
93,95,96,93,93,94,95,94,94,92,102,110
95,96,93,93,94,95,94,94,92,102,110,106
96,93,93,94,95,94,94,92,102,110,106,109
93,93,94,95,94,94,92,102,110,106,109,113
93,94,95,94,94,92,102,110,106,109,113,118
94,95,94,94,92,102,110,106,109,113,118,120
95,94,94,92,102,110,106,109,113,118,120,121
94,94,92,102,110,106,109,113,118,120,121,122
94,92,102,110,106,109,113,118,120,121,122,124
92,102,110,106,109,113,118,120,121,122,124,126
102,110,106,109,113,118,120,121,122,124,126,127
110,106,109,113,118,120,121,122,124,126,127,130
106,109,113,118,120,121,122,124,126,127,130,134
109,113,118,120,121,122,124,126,127,130,134,141
113,118,120,121,122,124,126,127,130,134,141,142
118,120,121,122,124,126,127,130,134,141,142,143
120,121,122,124,126,127,130,134,141,142,143,145
121,122,124,126,127,130,134,141,142,143,145,147
122,124,126,127,130,134,141,142,143,145,147,145
124,126,127,130,134,141,142,143,145,147,145,144
126,127,130,134,141,142,143,145,147,145,144,146
127,130,134,141,142,143,145,147,145,144,146,147
130,134,141,142,143,145,147,145,144,146,147,147
134,141,142,143,145,147,145,144,146,147,147,147
141,142,143,145,147,145,144,146,147,147,147,153
142,143,145,147,145,144,146,147,147,147,153,154
143,145,147,145,144,146,147,147,147,153,154,149
145,147,145,144,146,147,147,147,153,154,149,150
147,145,144,146,147,147,147,153,154,149,150,148
145,144,146,147,147,147,153,154,149,150,148,147
144,146,147,147,147,153,154,149,150,148,147,144
146,147,147,147,153,154,149,150,148,147,144,144
147,147,147,153,154,149,150,148,147,144,144,148
147,147,153,154,149,150,148,147,144,144,148,144
147,153,154,149,150,148,147,144,144,148,144,140
153,154,149,150,148,147,144,144,148,144,140,139
154,149,150,148,147,144,144,148,144,140,139,140
149,150,148,147,144,144,148,144,140,139,140,140
150,148,147,144,144,148,144,140,139,140,140,139
148,147,144,144,148,144,140,139,140,140,139,143
147,144,144,148,144,140,139,140,140,139,143,138
144,144,148,144,140,139,140,140,139,143,138,133
144,148,144,140,139,140,140,139,143,138,133,132
148,144,140,139,140,140,139,143,138,133,132,131
144,140,139,140,140,139,143,138,133,132,131,129
140,139,140,140,139,143,138,133,132,131,129,125
139,140,140,139,143,138,133,132,131,129,125,119
140,140,139,143,138,133,132,131,129,125,119,114
140,139,143,138,133,132,131,129,125,119,114,109
139,143,138,133,132,131,129,125,119,114,109,106
143,138,133,132,131,129,125,119,114,109,106,101
138,133,132,131,129,125,119,114,109,106,101,100
133,132,131,129,125,119,114,109,106,101,100,99
132,131,129,125,119,114,109,106,101,100,99,112
131,129,125,119,114,109,106,101,100,99,112,125
129,125,119,114,109,106,101,100,99,112,125,127
125,119,114,109,106,101,100,99,112,125,127,125
119,114,109,106,101,100,99,112,125,127,125,124
114,109,106,101,100,99,112,125,127,125,124,125
109,106,101,100,99,112,125,127,125,124,125,125
106,101,100,99,112,125,127,125,124,125,125,121
101,100,99,112,125,127,125,124,125,125,121,115
100,99,112,125,127,125,124,125,125,121,115,109
99,112,125,127,125,124,125,125,121,115,109,98
112,125,127,125,124,125,125,121,115,109,98,97
125,127,125,124,125,125,121,115,109,98,97,96
127,125,124,125,125,121,115,109,98,97,96,96
125,124,125,125,121,115,109,98,97,96,96,99
124,125,125,121,115,109,98,97,96,96,99,100
125,125,121,115,109,98,97,96,96,99,100,99
125,121,115,109,98,97,96,96,99,100,99,105
121,115,109,98,97,96,96,99,100,99,105,103
115,109,98,97,96,96,99,100,99,105,103,101
109,98,97,96,96,99,100,99,105,103,101,107
98,97,96,96,99,100,99,105,103,101,107,119
97,96,96,99,100,99,105,103,101,107,119,120
96,96,99,100,99,105,103,101,107,119,120,120
96,99,100,99,105,103,101,107,119,120,120,123
99,100,99,105,103,101,107,119,120,120,123,129
100,99,105,103,101,107,119,120,120,123,129,129
99,105,103,101,107,119,120,120,123,129,129,129
105,103,101,107,119,120,120,123,129,129,129,128
103,101,107,119,120,120,123,129,129,129,128,127
101,107,119,120,120,123,129,129,129,128,127,127
107,119,120,120,123,129,129,129,128,127,127,127
119,120,120,123,129,129,129,128,127,127,127,132
120,120,123,129,129,129,128,127,127,127,132,138
120,123,129,129,129,128,127,127,127,132,138,137
123,129,129,129,128,127,127,127,132,138,137,132
129,129,129,128,127,127,127,132,138,137,132,126
129,129,128,127,127,127,132,138,137,132,126,122
129,128,127,127,127,132,138,137,132,126,122,119
128,127,127,127,132,138,137,132,126,122,119,116
127,127,127,132,138,137,132,126,122,119,116,122
127,127,132,138,137,132,126,122,119,116,122,124
127,132,138,137,132,126,122,119,116,122,124,118
132,138,137,132,126,122,119,116,122,124,118,109
138,137,132,126,122,119,116,122,124,118,109,114
137,132,126,122,119,116,122,124,118,109,114,117
132,126,122,119,116,122,124,118,109,114,117,120
126,122,119,116,122,124,118,109,114,117,120,122
122,119,116,122,124,118,109,114,117,120,122,123
119,116,122,124,118,109,114,117,120,122,123,126
116,122,124,118,109,114,117,120,122,123,126,128
122,124,118,109,114,117,120,122,123,126,128,130
124,118,109,114,117,120,122,123,126,128,130,128
118,109,114,117,120,122,123,126,128,130,128,131
109,114,117,120,122,123,126,128,130,128,131,126
114,117,120,122,123,126,128,130,128,131,126,118
117,120,122,123,126,128,130,128,131,126,118,116
120,122,123,126,128,130,128,131,126,118,116,115
122,123,126,128,130,128,131,126,118,116,115,114
123,126,128,130,128,131,126,118,116,115,114,113
126,128,130,128,131,126,118,116,115,114,113,120
128,130,128,131,126,118,116,115,114,113,120,128
130,128,131,126,118,116,115,114,113,120,128,136
128,131,126,118,116,115,114,113,120,128,136,151
131,126,118,116,115,114,113,120,128,136,151,159
126,118,116,115,114,113,120,128,136,151,159,163
118,116,115,114,113,120,128,136,151,159,163,169
116,115,114,113,120,128,136,151,159,163,169,168
115,114,113,120,128,136,151,159,163,169,168,151
114,113,120,128,136,151,159,163,169,168,151,155
113,120,128,136,151,159,163,169,168,151,155,155
120,128,136,151,159,163,169,168,151,155,155,155
128,136,151,159,163,169,168,151,155,155,155,149
136,151,159,163,169,168,151,155,155,155,149,148
151,159,163,169,168,151,155,155,155,149,148,148
159,163,169,168,151,155,155,155,149,148,148,145
163,169,168,151,155,155,155,149,148,148,145,144
169,168,151,155,155,155,149,148,148,145,144,152
168,151,155,155,155,149,148,148,145,144,152,160
151,155,155,155,149,148,148,145,144,152,160,164
155,155,155,149,148,148,145,144,152,160,164,160
155,155,149,148,148,145,144,152,160,164,160,159
155,149,148,148,145,144,152,160,164,160,159,157
149,148,148,145,144,152,160,164,160,159,157,156
148,148,145,144,152,160,164,160,159,157,156,159
148,145,144,152,160,164,160,159,157,156,159,170
145,144,152,160,164,160,159,157,156,159,170,177
144,152,160,164,160,159,157,156,159,170,177,191
152,160,164,160,159,157,156,159,170,177,191,202
160,164,160,159,157,156,159,170,177,191,202,211
164,160,159,157,156,159,170,177,191,202,211,216
160,159,157,156,159,170,177,191,202,211,216,220
159,157,156,159,170,177,191,202,211,216,220,224
157,156,159,170,177,191,202,211,216,220,224,230
156,159,170,177,191,202,211,216,220,224,230,237
159,170,177,191,202,211,216,220,224,230,237,244
170,177,191,202,211,216,220,224,230,237,244,256
177,191,202,211,216,220,224,230,237,244,256,263
191,202,211,216,220,224,230,237,244,256,263,267
202,211,216,220,224,230,237,244,256,263,267,270
211,216,220,224,230,237,244,256,263,267,270,271
216,220,224,230,237,244,256,263,267,270,271,270
220,224,230,237,244,256,263,267,270,271,270,270
224,230,237,244,256,263,267,270,271,270,270,270
230,237,244,256,263,267,270,271,270,270,270,268
237,244,256,263,267,270,271,270,270,270,268,267
244,256,263,267,270,271,270,270,270,268,267,272
256,263,267,270,271,270,270,270,268,267,272,269
263,267,270,271,270,270,270,268,267,272,269,263
267,270,271,270,270,270,268,267,272,269,263,255
270,271,270,270,270,268,267,272,269,263,255,257
271,270,270,270,268,267,272,269,263,255,257,260
270,270,270,268,267,272,269,263,255,257,260,258
270,270,268,267,272,269,263,255,257,260,258,256
270,268,267,272,269,263,255,257,260,258,256,251
268,267,272,269,263,255,257,260,258,256,251,246
267,272,269,263,255,257,260,258,256,251,246,239
272,269,263,255,257,260,258,256,251,246,239,234
269,263,255,257,260,258,256,251,246,239,234,232
263,255,257,260,258,256,251,246,239,234,232,236
255,257,260,258,256,251,246,239,234,232,236,234
257,260,258,256,251,246,239,234,232,236,234,229
260,258,256,251,246,239,234,232,236,234,229,223
258,256,251,246,239,234,232,236,234,229,223,221
256,251,246,239,234,232,236,234,229,223,221,224
251,246,239,234,232,236,234,229,223,221,224,232
246,239,234,232,236,234,229,223,221,224,232,234
239,234,232,236,234,229,223,221,224,232,234,229
234,232,236,234,229,223,221,224,232,234,229,222
232,236,234,229,223,221,224,232,234,229,222,222
236,234,229,223,221,224,232,234,229,222,222,223
234,229,223,221,224,232,234,229,222,222,223,225
229,223,221,224,232,234,229,222,222,223,225,221
223,221,224,232,234,229,222,222,223,225,221,218
221,224,232,234,229,222,222,223,225,221,218,217
224,232,234,229,222,222,223,225,221,218,217,214
232,234,229,222,222,223,225,221,218,217,214,214
234,229,222,222,223,225,221,218,217,214,214,213
229,222,222,223,225,221,218,217,214,214,213,213
222,222,223,225,221,218,217,214,214,213,213,211
222,223,225,221,218,217,214,214,213,213,211,207
223,225,221,218,217,214,214,213,213,211,207,203
225,221,218,217,214,214,213,213,211,207,203,196
221,218,217,214,214,213,213,211,207,203,196,190
218,217,214,214,213,213,211,207,203,196,190,187
217,214,214,213,213,211,207,203,196,190,187,186
214,214,213,213,211,207,203,196,190,187,186,192
214,213,213,211,207,203,196,190,187,186,192,198
213,213,211,207,203,196,190,187,186,192,198,211
213,211,207,203,196,190,187,186,192,198,211,210
211,207,203,196,190,187,186,192,198,211,210,205
207,203,196,190,187,186,192,198,211,210,205,197
203,196,190,187,186,192,198,211,210,205,197,192
196,190,187,186,192,198,211,210,205,197,192,188
190,187,186,192,198,211,210,205,197,192,188,185
187,186,192,198,211,210,205,197,192,188,185,183
186,192,198,211,210,205,197,192,188,185,183,184
192,198,211,210,205,197,192,188,185,183,184,186
198,211,210,205,197,192,188,185,183,184,186,192
211,210,205,197,192,188,185,183,184,186,192,191
210,205,197,192,188,185,183,184,186,192,191,184
205,197,192,188,185,183,184,186,192,191,184,174
197,192,188,185,183,184,186,192,191,184,174,170
192,188,185,183,184,186,192,191,184,174,170,172
188,185,183,184,186,192,191,184,174,170,172,178
185,183,184,186,192,191,184,174,170,172,178,189
183,184,186,192,191,184,174,170,172,178,189,194
184,186,192,191,184,174,170,172,178,189,194,194
186,192,191,184,174,170,172,178,189,194,194,200
192,191,184,174,170,172,178,189,194,194,200,203
191,184,174,170,172,178,189,194,194,200,203,209
184,174,170,172,178,189,194,194,200,203,209,211
174,170,172,178,189,194,194,200,203,209,211,210
170,172,178,189,194,194,200,203,209,211,210,210
172,178,189,194,194,200,203,209,211,210,210,211
178,189,194,194,200,203,209,211,210,210,211,213
189,194,194,200,203,209,211,210,210,211,213,218
194,194,200,203,209,211,210,210,211,213,218,220
194,200,203,209,211,210,210,211,213,218,220,218
200,203,209,211,210,210,211,213,218,220,218,218
203,209,211,210,210,211,213,218,220,218,218,222
209,211,210,210,211,213,218,220,218,218,222,227
211,210,210,211,213,218,220,218,218,222,227,235
210,210,211,213,218,220,218,218,222,227,235,245
210,211,213,218,220,218,218,222,227,235,245,251
211,213,218,220,218,218,222,227,235,245,251,254
213,218,220,218,218,222,227,235,245,251,254,256
218,220,218,218,222,227,235,245,251,254,256,257
220,218,218,222,227,235,245,251,254,256,257,254
218,218,222,227,235,245,251,254,256,257,254,250
218,222,227,235,245,251,254,256,257,254,250,245
222,227,235,245,251,254,256,257,254,250,245,248
227,235,245,251,254,256,257,254,250,245,248,253
235,245,251,254,256,257,254,250,245,248,253,255
245,251,254,256,257,254,250,245,248,253,255,254
251,254,256,257,254,250,245,248,253,255,254,249
254,256,257,254,250,245,248,253,255,254,249,249
256,257,254,250,245,248,253,255,254,249,249,247
257,254,250,245,248,253,255,254,249,249,247,245
254,250,245,248,253,255,254,249,249,247,245,243
250,245,248,253,255,254,249,249,247,245,243,242
245,248,253,255,254,249,249,247,245,243,242,239
248,253,255,254,249,249,247,245,243,242,239,235
253,255,254,249,249,247,245,243,242,239,235,234
255,254,249,249,247,245,243,242,239,235,234,234
254,249,249,247,245,243,242,239,235,234,234,231
249,249,247,245,243,242,239,235,234,234,231,224
249,247,245,243,242,239,235,234,234,231,224,216
247,245,243,242,239,235,234,234,231,224,216,209
245,243,242,239,235,234,234,231,224,216,209,205
243,242,239,235,234,234,231,224,216,209,205,199
242,239,235,234,234,231,224,216,209,205,199,195
239,235,234,234,231,224,216,209,205,199,195,192
235,234,234,231,224,216,209,205,199,195,192,188
234,234,231,224,216,209,205,199,195,192,188,189
234,231,224,216,209,205,199,195,192,188,189,184
231,224,216,209,205,199,195,192,188,189,184,176
224,216,209,205,199,195,192,188,189,184,176,170
216,209,205,199,195,192,188,189,184,176,170,164
209,205,199,195,192,188,189,184,176,170,164,160
205,199,195,192,188,189,184,176,170,164,160,157
199,195,192,188,189,184,176,170,164,160,157,151
195,192,188,189,184,176,170,164,160,157,151,150
192,188,189,184,176,170,164,160,157,151,150,145
188,189,184,176,170,164,160,157,151,150,145,140
189,184,176,170,164,160,157,151,150,145,140,138
184,176,170,164,160,157,151,150,145,140,138,135
176,170,164,160,157,151,150,145,140,138,135,136
170,164,160,157,151,150,145,140,138,135,136,137
164,160,157,151,150,145,140,138,135,136,137,137
160,157,151,150,145,140,138,135,136,137,137,141
157,151,150,145,140,138,135,136,137,137,141,147
151,150,145,140,138,135,136,137,137,141,147,154
150,145,140,138,135,136,137,137,141,147,154,160
145,140,138,135,136,137,137,141,147,154,160,167
140,138,135,136,137,137,141,147,154,160,167,172
138,135,136,137,137,141,147,154,160,167,172,172
135,136,137,137,141,147,154,160,167,172,172,176
136,137,137,141,147,154,160,167,172,172,176,178
137,137,141,147,154,160,167,172,172,176,178,179
137,141,147,154,160,167,172,172,176,178,179,179
141,147,154,160,167,172,172,176,178,179,179,179
147,154,160,167,172,172,176,178,179,179,179,173
154,160,167,172,172,176,178,179,179,179,173,168
160,167,172,172,176,178,179,179,179,173,168,156
167,172,172,176,178,179,179,179,173,168,156,143
172,172,176,178,179,179,179,173,168,156,143,134
172,176,178,179,179,179,173,168,156,143,134,120
176,178,179,179,179,173,168,156,143,134,120,105
178,179,179,179,173,168,156,143,134,120,105,93
179,179,179,173,168,156,143,134,120,105,93,83
179,179,173,168,156,143,134,120,105,93,83,74
179,173,168,156,143,134,120,105,93,83,74,69
173,168,156,143,134,120,105,93,83,74,69,70
168,156,143,134,120,105,93,83,74,69,70,61
156,143,134,120,105,93,83,74,69,70,61,57
143,134,120,105,93,83,74,69,70,61,57,57
134,120,105,93,83,74,69,70,61,57,57,56
120,105,93,83,74,69,70,61,57,57,56,55
105,93,83,74,69,70,61,57,57,56,55,54
93,83,74,69,70,61,57,57,56,55,54,55
83,74,69,70,61,57,57,56,55,54,55,58
74,69,70,61,57,57,56,55,54,55,58,59
69,70,61,57,57,56,55,54,55,58,59,63
70,61,57,57,56,55,54,55,58,59,63,63
61,57,57,56,55,54,55,58,59,63,63,60
57,57,56,55,54,55,58,59,63,63,60,61
57,56,55,54,55,58,59,63,63,60,61,66
56,55,54,55,58,59,63,63,60,61,66,75
55,54,55,58,59,63,63,60,61,66,75,84
54,55,58,59,63,63,60,61,66,75,84,91
55,58,59,63,63,60,61,66,75,84,91,92
58,59,63,63,60,61,66,75,84,91,92,88
59,63,63,60,61,66,75,84,91,92,88,86
63,63,60,61,66,75,84,91,92,88,86,87
63,60,61,66,75,84,91,92,88,86,87,90
60,61,66,75,84,91,92,88,86,87,90,97
61,66,75,84,91,92,88,86,87,90,97,109
66,75,84,91,92,88,86,87,90,97,109,113
75,84,91,92,88,86,87,90,97,109,113,113
84,91,92,88,86,87,90,97,109,113,113,113
91,92,88,86,87,90,97,109,113,113,113,114
92,88,86,87,90,97,109,113,113,113,114,118
88,86,87,90,97,109,113,113,113,114,118,121
86,87,90,97,109,113,113,113,114,118,121,123
87,90,97,109,113,113,113,114,118,121,123,126
90,97,109,113,113,113,114,118,121,123,126,130
97,109,113,113,113,114,118,121,123,126,130,140
109,113,113,113,114,118,121,123,126,130,140,145
113,113,113,114,118,121,123,126,130,140,145,149
113,113,114,118,121,123,126,130,140,145,149,155
113,114,118,121,123,126,130,140,145,149,155,159
114,118,121,123,126,130,140,145,149,155,159,163
118,121,123,126,130,140,145,149,155,159,163,167
121,123,126,130,140,145,149,155,159,163,167,171
123,126,130,140,145,149,155,159,163,167,171,184
126,130,140,145,149,155,159,163,167,171,184,194
130,140,145,149,155,159,163,167,171,184,194,191
140,145,149,155,159,163,167,171,184,194,191,192
145,149,155,159,163,167,171,184,194,191,192,195
149,155,159,163,167,171,184,194,191,192,195,197
155,159,163,167,171,184,194,191,192,195,197,200
159,163,167,171,184,194,191,192,195,197,200,205
163,167,171,184,194,191,192,195,197,200,205,214
167,171,184,194,191,192,195,197,200,205,214,215
171,184,194,191,192,195,197,200,205,214,215,212
184,194,191,192,195,197,200,205,214,215,212,212
194,191,192,195,197,200,205,214,215,212,212,214
191,192,195,197,200,205,214,215,212,212,214,216
192,195,197,200,205,214,215,212,212,214,216,219
195,197,200,205,214,215,212,212,214,216,219,221
197,200,205,214,215,212,212,214,216,219,221,230
200,205,214,215,212,212,214,216,219,221,230,236
205,214,215,212,212,214,216,219,221,230,236,239
214,215,212,212,214,216,219,221,230,236,239,246
215,212,212,214,216,219,221,230,236,239,246,244
212,212,214,216,219,221,230,236,239,246,244,242
212,214,216,219,221,230,236,239,246,244,242,241
214,216,219,221,230,236,239,246,244,242,241,246
216,219,221,230,236,239,246,244,242,241,246,252
219,221,230,236,239,246,244,242,241,246,252,251
221,230,236,239,246,244,242,241,246,252,251,258
230,236,239,246,244,242,241,246,252,251,258,256
236,239,246,244,242,241,246,252,251,258,256,255
239,246,244,242,241,246,252,251,258,256,255,252
246,244,242,241,246,252,251,258,256,255,252,255
244,242,241,246,252,251,258,256,255,252,255,259
242,241,246,252,251,258,256,255,252,255,259,262
241,246,252,251,258,256,255,252,255,259,262,265
246,252,251,258,256,255,252,255,259,262,265,266
252,251,258,256,255,252,255,259,262,265,266,267
251,258,256,255,252,255,259,262,265,266,267,268
258,256,255,252,255,259,262,265,266,267,268,270
256,255,252,255,259,262,265,266,267,268,270,276
255,252,255,259,262,265,266,267,268,270,276,272
252,255,259,262,265,266,267,268,270,276,272,264
255,259,262,265,266,267,268,270,276,272,264,259
259,262,265,266,267,268,270,276,272,264,259,260
262,265,266,267,268,270,276,272,264,259,260,258
265,266,267,268,270,276,272,264,259,260,258,260
266,267,268,270,276,272,264,259,260,258,260,264
267,268,270,276,272,264,259,260,258,260,264,263
268,270,276,272,264,259,260,258,260,264,263,261
270,276,272,264,259,260,258,260,264,263,261,258
276,272,264,259,260,258,260,264,263,261,258,261
272,264,259,260,258,260,264,263,261,258,261,263
264,259,260,258,260,264,263,261,258,261,263,266
259,260,258,260,264,263,261,258,261,263,266,269
260,258,260,264,263,261,258,261,263,266,269,272
258,260,264,263,261,258,261,263,266,269,272,275
260,264,263,261,258,261,263,266,269,272,275,284
264,263,261,258,261,263,266,269,272,275,284,281
263,261,258,261,263,266,269,272,275,284,281,280
261,258,261,263,266,269,272,275,284,281,280,284
258,261,263,266,269,272,275,284,281,280,284,300
261,263,266,269,272,275,284,281,280,284,300,302
263,266,269,272,275,284,281,280,284,300,302,305
266,269,272,275,284,281,280,284,300,302,305,301
269,272,275,284,281,280,284,300,302,305,301,280
272,275,284,281,280,284,300,302,305,301,280,276
275,284,281,280,284,300,302,305,301,280,276,273
284,281,280,284,300,302,305,301,280,276,273,270
281,280,284,300,302,305,301,280,276,273,270,267
280,284,300,302,305,301,280,276,273,270,267,272
284,300,302,305,301,280,276,273,270,267,272,277
300,302,305,301,280,276,273,270,267,272,277,278
302,305,301,280,276,273,270,267,272,277,278,280
305,301,280,276,273,270,267,272,277,278,280,283
301,280,276,273,270,267,272,277,278,280,283,285
280,276,273,270,267,272,277,278,280,283,285,282
276,273,270,267,272,277,278,280,283,285,282,276
273,270,267,272,277,278,280,283,285,282,276,273
270,267,272,277,278,280,283,285,282,276,273,270
267,272,277,278,280,283,285,282,276,273,270,270
272,277,278,280,283,285,282,276,273,270,270,272
277,278,280,283,285,282,276,273,270,270,272,270
278,280,283,285,282,276,273,270,270,272,270,271
280,283,285,282,276,273,270,270,272,270,271,274
283,285,282,276,273,270,270,272,270,271,274,276
285,282,276,273,270,270,272,270,271,274,276,278
282,276,273,270,270,272,270,271,274,276,278,281
276,273,270,270,272,270,271,274,276,278,281,285
273,270,270,272,270,271,274,276,278,281,285,288
270,270,272,270,271,274,276,278,281,285,288,289
270,272,270,271,274,276,278,281,285,288,289,291
272,270,271,274,276,278,281,285,288,289,291,290
270,271,274,276,278,281,285,288,289,291,290,294
271,274,276,278,281,285,288,289,291,290,294,301
274,276,278,281,285,288,289,291,290,294,301,305
276,278,281,285,288,289,291,290,294,301,305,305
278,281,285,288,289,291,290,294,301,305,305,305
281,285,288,289,291,290,294,301,305,305,305,303
285,288,289,291,290,294,301,305,305,305,303,304
288,289,291,290,294,301,305,305,305,303,304,306
289,291,290,294,301,305,305,305,303,304,306,305
291,290,294,301,305,305,305,303,304,306,305,303
290,294,301,305,305,305,303,304,306,305,303,300
294,301,305,305,305,303,304,306,305,303,300,298
301,305,305,305,303,304,306,305,303,300,298,293
305,305,305,303,304,306,305,303,300,298,293,291
305,305,303,304,306,305,303,300,298,293,291,284
305,303,304,306,305,303,300,298,293,291,284,280
303,304,306,305,303,300,298,293,291,284,280,271
304,306,305,303,300,298,293,291,284,280,271,268
306,305,303,300,298,293,291,284,280,271,268,261
305,303,300,298,293,291,284,280,271,268,261,257
303,300,298,293,291,284,280,271,268,261,257,254
300,298,293,291,284,280,271,268,261,257,254,250
298,293,291,284,280,271,268,261,257,254,250,252
293,291,284,280,271,268,261,257,254,250,252,256
291,284,280,271,268,261,257,254,250,252,256,249
284,280,271,268,261,257,254,250,252,256,249,238
280,271,268,261,257,254,250,252,256,249,238,230
271,268,261,257,254,250,252,256,249,238,230,235
268,261,257,254,250,252,256,249,238,230,235,234
261,257,254,250,252,256,249,238,230,235,234,242
257,254,250,252,256,249,238,230,235,234,242,245
254,250,252,256,249,238,230,235,234,242,245,245
250,252,256,249,238,230,235,234,242,245,245,243
252,256,249,238,230,235,234,242,245,245,243,238
256,249,238,230,235,234,242,245,245,243,238,234
249,238,230,235,234,242,245,245,243,238,234,233
238,230,235,234,242,245,245,243,238,234,233,233
230,235,234,242,245,245,243,238,234,233,233,239
235,234,242,245,245,243,238,234,233,233,239,233
234,242,245,245,243,238,234,233,233,239,233,229
242,245,245,243,238,234,233,233,239,233,229,224
245,245,243,238,234,233,233,239,233,229,224,218
245,243,238,234,233,233,239,233,229,224,218,218
243,238,234,233,233,239,233,229,224,218,218,219
238,234,233,233,239,233,229,224,218,218,219,219
234,233,233,239,233,229,224,218,218,219,219,214
233,233,239,233,229,224,218,218,219,219,214,208
233,239,233,229,224,218,218,219,219,214,208,205
239,233,229,224,218,218,219,219,214,208,205,206
233,229,224,218,218,219,219,214,208,205,206,205
229,224,218,218,219,219,214,208,205,206,205,198
224,218,218,219,219,214,208,205,206,205,198,191
218,218,219,219,214,208,205,206,205,198,191,187
218,219,219,214,208,205,206,205,198,191,187,183
219,219,214,208,205,206,205,198,191,187,183,181
219,214,208,205,206,205,198,191,187,183,181,187
214,208,205,206,205,198,191,187,183,181,187,190
208,205,206,205,198,191,187,183,181,187,190,192
205,206,205,198,191,187,183,181,187,190,192,195
206,205,198,191,187,183,181,187,190,192,195,194
205,198,191,187,183,181,187,190,192,195,194,196
198,191,187,183,181,187,190,192,195,194,196,194
191,187,183,181,187,190,192,195,194,196,194,190
187,183,181,187,190,192,195,194,196,194,190,191
183,181,187,190,192,195,194,196,194,190,191,194
181,187,190,192,195,194,196,194,190,191,194,197
187,190,192,195,194,196,194,190,191,194,197,191
190,192,195,194,196,194,190,191,194,197,191,187
192,195,194,196,194,190,191,194,197,191,187,186
195,194,196,194,190,191,194,197,191,187,186,189
194,196,194,190,191,194,197,191,187,186,189,185
196,194,190,191,194,197,191,187,186,189,185,182
194,190,191,194,197,191,187,186,189,185,182,177
190,191,194,197,191,187,186,189,185,182,177,178
191,194,197,191,187,186,189,185,182,177,178,178
194,197,191,187,186,189,185,182,177,178,178,177
197,191,187,186,189,185,182,177,178,178,177,179
191,187,186,189,185,182,177,178,178,177,179,175
187,186,189,185,182,177,178,178,177,179,175,170
186,189,185,182,177,178,178,177,179,175,170,168
189,185,182,177,178,178,177,179,175,170,168,169
185,182,177,178,178,177,179,175,170,168,169,170
182,177,178,178,177,179,175,170,168,169,170,171
177,178,178,177,179,175,170,168,169,170,171,169
178,178,177,179,175,170,168,169,170,171,169,164
178,177,179,175,170,168,169,170,171,169,164,162
177,179,175,170,168,169,170,171,169,164,162,163
179,175,170,168,169,170,171,169,164,162,163,159
175,170,168,169,170,171,169,164,162,163,159,157
170,168,169,170,171,169,164,162,163,159,157,157
168,169,170,171,169,164,162,163,159,157,157,152
169,170,171,169,164,162,163,159,157,157,152,146
170,171,169,164,162,163,159,157,157,152,146,140
171,169,164,162,163,159,157,157,152,146,140,134
169,164,162,163,159,157,157,152,146,140,134,134
164,162,163,159,157,157,152,146,140,134,134,137
162,163,159,157,157,152,146,140,134,134,137,131
163,159,157,157,152,146,140,134,134,137,131,129
159,157,157,152,146,140,134,134,137,131,129,125
157,157,152,146,140,134,134,137,131,129,125,122
157,152,146,140,134,134,137,131,129,125,122,117
152,146,140,134,134,137,131,129,125,122,117,112
146,140,134,134,137,131,129,125,122,117,112,110
140,134,134,137,131,129,125,122,117,112,110,109
134,134,137,131,129,125,122,117,112,110,109,107
134,137,131,129,125,122,117,112,110,109,107,107
137,131,129,125,122,117,112,110,109,107,107,106
131,129,125,122,117,112,110,109,107,107,106,102
129,125,122,117,112,110,109,107,107,106,102,99
125,122,117,112,110,109,107,107,106,102,99,98
122,117,112,110,109,107,107,106,102,99,98,100
117,112,110,109,107,107,106,102,99,98,100,101
112,110,109,107,107,106,102,99,98,100,101,103
110,109,107,107,106,102,99,98,100,101,103,103
109,107,107,106,102,99,98,100,101,103,103,106
107,107,106,102,99,98,100,101,103,103,106,108
107,106,102,99,98,100,101,103,103,106,108,109
106,102,99,98,100,101,103,103,106,108,109,111
102,99,98,100,101,103,103,106,108,109,111,107
99,98,100,101,103,103,106,108,109,111,107,107
98,100,101,103,103,106,108,109,111,107,107,109
100,101,103,103,106,108,109,111,107,107,109,110
101,103,103,106,108,109,111,107,107,109,110,114
103,103,106,108,109,111,107,107,109,110,114,117
103,106,108,109,111,107,107,109,110,114,117,120
106,108,109,111,107,107,109,110,114,117,120,124
108,109,111,107,107,109,110,114,117,120,124,125
109,111,107,107,109,110,114,117,120,124,125,128
111,107,107,109,110,114,117,120,124,125,128,131
107,107,109,110,114,117,120,124,125,128,131,136
107,109,110,114,117,120,124,125,128,131,136,139
109,110,114,117,120,124,125,128,131,136,139,138
110,114,117,120,124,125,128,131,136,139,138,138
114,117,120,124,125,128,131,136,139,138,138,140
117,120,124,125,128,131,136,139,138,138,140,140
120,124,125,128,131,136,139,138,138,140,140,123
124,125,128,131,136,139,138,138,140,140,123,124
125,128,131,136,139,138,138,140,140,123,124,126
128,131,136,139,138,138,140,140,123,124,126,128
131,136,139,138,138,140,140,123,124,126,128,127
136,139,138,138,140,140,123,124,126,128,127,128
139,138,138,140,140,123,124,126,128,127,128,130
138,138,140,140,123,124,126,128,127,128,130,133
138,140,140,123,124,126,128,127,128,130,133,136
140,140,123,124,126,128,127,128,130,133,136,137
140,123,124,126,128,127,128,130,133,136,137,138
123,124,126,128,127,128,130,133,136,137,138,140
124,126,128,127,128,130,133,136,137,138,140,142
126,128,127,128,130,133,136,137,138,140,142,149
128,127,128,130,133,136,137,138,140,142,149,156
127,128,130,133,136,137,138,140,142,149,156,156
128,130,133,136,137,138,140,142,149,156,156,153
130,133,136,137,138,140,142,149,156,156,153,150
133,136,137,138,140,142,149,156,156,153,150,150
136,137,138,140,142,149,156,156,153,150,150,152
137,138,140,142,149,156,156,153,150,150,152,151
138,140,142,149,156,156,153,150,150,152,151,150
140,142,149,156,156,153,150,150,152,151,150,149
142,149,156,156,153,150,150,152,151,150,149,148
149,156,156,153,150,150,152,151,150,149,148,149
156,156,153,150,150,152,151,150,149,148,149,150
156,153,150,150,152,151,150,149,148,149,150,152
153,150,150,152,151,150,149,148,149,150,152,156
150,150,152,151,150,149,148,149,150,152,156,157
150,152,151,150,149,148,149,150,152,156,157,156
152,151,150,149,148,149,150,152,156,157,156,158
151,150,149,148,149,150,152,156,157,156,158,157
150,149,148,149,150,152,156,157,156,158,157,156
149,148,149,150,152,156,157,156,158,157,156,155
148,149,150,152,156,157,156,158,157,156,155,154
149,150,152,156,157,156,158,157,156,155,154,152
150,152,156,157,156,158,157,156,155,154,152,151
152,156,157,156,158,157,156,155,154,152,151,151
156,157,156,158,157,156,155,154,152,151,151,152
157,156,158,157,156,155,154,152,151,151,152,153
156,158,157,156,155,154,152,151,151,152,153,159
158,157,156,155,154,152,151,151,152,153,159,172
157,156,155,154,152,151,151,152,153,159,172,172
156,155,154,152,151,151,152,153,159,172,172,170
155,154,152,151,151,152,153,159,172,172,170,166
154,152,151,151,152,153,159,172,172,170,166,160
152,151,151,152,153,159,172,172,170,166,160,157
151,151,152,153,159,172,172,170,166,160,157,155
151,152,153,159,172,172,170,166,160,157,155,153
152,153,159,172,172,170,166,160,157,155,153,157
153,159,172,172,170,166,160,157,155,153,157,165
159,172,172,170,166,160,157,155,153,157,165,173
172,172,170,166,160,157,155,153,157,165,173,179
172,170,166,160,157,155,153,157,165,173,179,183
170,166,160,157,155,153,157,165,173,179,183,187
166,160,157,155,153,157,165,173,179,183,187,189
160,157,155,153,157,165,173,179,183,187,189,195
157,155,153,157,165,173,179,183,187,189,195,198
155,153,157,165,173,179,183,187,189,195,198,198
153,157,165,173,179,183,187,189,195,198,198,203
157,165,173,179,183,187,189,195,198,198,203,206
165,173,179,183,187,189,195,198,198,203,206,208
173,179,183,187,189,195,198,198,203,206,208,210
179,183,187,189,195,198,198,203,206,208,210,212
183,187,189,195,198,198,203,206,208,210,212,213
187,189,195,198,198,203,206,208,210,212,213,213
189,195,198,198,203,206,208,210,212,213,213,214
195,198,198,203,206,208,210,212,213,213,214,216
198,198,203,206,208,210,212,213,213,214,216,222
198,203,206,208,210,212,213,213,214,216,222,220
203,206,208,210,212,213,213,214,216,222,220,220
206,208,210,212,213,213,214,216,222,220,220,217
208,210,212,213,213,214,216,222,220,220,217,216
210,212,213,213,214,216,222,220,220,217,216,218
212,213,213,214,216,222,220,220,217,216,218,221
213,213,214,216,222,220,220,217,216,218,221,221
213,214,216,222,220,220,217,216,218,221,221,227
214,216,222,220,220,217,216,218,221,221,227,236
216,222,220,220,217,216,218,221,221,227,236,237
222,220,220,217,216,218,221,221,227,236,237,235
220,220,217,216,218,221,221,227,236,237,235,235
220,217,216,218,221,221,227,236,237,235,235,236
217,216,218,221,221,227,236,237,235,235,236,238
216,218,221,221,227,236,237,235,235,236,238,242
218,221,221,227,236,237,235,235,236,238,242,243
221,221,227,236,237,235,235,236,238,242,243,245
221,227,236,237,235,235,236,238,242,243,245,245
227,236,237,235,235,236,238,242,243,245,245,239
236,237,235,235,236,238,242,243,245,245,239,235
237,235,235,236,238,242,243,245,245,239,235,238
235,235,236,238,242,243,245,245,239,235,238,246
235,236,238,242,243,245,245,239,235,238,246,250
236,238,242,243,245,245,239,235,238,246,250,254
238,242,243,245,245,239,235,238,246,250,254,260
242,243,245,245,239,235,238,246,250,254,260,262
243,245,245,239,235,238,246,250,254,260,262,264
245,245,239,235,238,246,250,254,260,262,264,267
245,239,235,238,246,250,254,260,262,264,267,267
239,235,238,246,250,254,260,262,264,267,267,265
235,238,246,250,254,260,262,264,267,267,265,259
238,246,250,254,260,262,264,267,267,265,259,256
246,250,254,260,262,264,267,267,265,259,256,257
250,254,260,262,264,267,267,265,259,256,257,256
254,260,262,264,267,267,265,259,256,257,256,259
260,262,264,267,267,265,259,256,257,256,259,267
262,264,267,267,265,259,256,257,256,259,267,263
264,267,267,265,259,256,257,256,259,267,263,262
267,267,265,259,256,257,256,259,267,263,262,259
267,265,259,256,257,256,259,267,263,262,259,258
265,259,256,257,256,259,267,263,262,259,258,258
259,256,257,256,259,267,263,262,259,258,258,259
256,257,256,259,267,263,262,259,258,258,259,254
257,256,259,267,263,262,259,258,258,259,254,248
256,259,267,263,262,259,258,258,259,254,248,248
259,267,263,262,259,258,258,259,254,248,248,247
267,263,262,259,258,258,259,254,248,248,247,246
263,262,259,258,258,259,254,248,248,247,246,245
262,259,258,258,259,254,248,248,247,246,245,247
259,258,258,259,254,248,248,247,246,245,247,254
258,258,259,254,248,248,247,246,245,247,254,263
258,259,254,248,248,247,246,245,247,254,263,270
259,254,248,248,247,246,245,247,254,263,270,274
254,248,248,247,246,245,247,254,263,270,274,280
248,248,247,246,245,247,254,263,270,274,280,281
248,247,246,245,247,254,263,270,274,280,281,282
247,246,245,247,254,263,270,274,280,281,282,281
246,245,247,254,263,270,274,280,281,282,281,279
245,247,254,263,270,274,280,281,282,281,279,278
247,254,263,270,274,280,281,282,281,279,278,277
254,263,270,274,280,281,282,281,279,278,277,280
263,270,274,280,281,282,281,279,278,277,280,281
270,274,280,281,282,281,279,278,277,280,281,287
274,280,281,282,281,279,278,277,280,281,287,287
280,281,282,281,279,278,277,280,281,287,287,278
281,282,281,279,278,277,280,281,287,287,278,272
282,281,279,278,277,280,281,287,287,278,272,270
281,279,278,277,280,281,287,287,278,272,270,267
279,278,277,280,281,287,287,278,272,270,267,266
278,277,280,281,287,287,278,272,270,267,266,264
277,280,281,287,287,278,272,270,267,266,264,269
280,281,287,287,278,272,270,267,266,264,269,275
281,287,287,278,272,270,267,266,264,269,275,283
287,287,278,272,270,267,266,264,269,275,283,285
287,278,272,270,267,266,264,269,275,283,285,286
278,272,270,267,266,264,269,275,283,285,286,285
272,270,267,266,264,269,275,283,285,286,285,286
270,267,266,264,269,275,283,285,286,285,286,288
267,266,264,269,275,283,285,286,285,286,288,289
266,264,269,275,283,285,286,285,286,288,289,296
264,269,275,283,285,286,285,286,288,289,296,305
269,275,283,285,286,285,286,288,289,296,305,310
275,283,285,286,285,286,288,289,296,305,310,309
283,285,286,285,286,288,289,296,305,310,309,307
285,286,285,286,288,289,296,305,310,309,307,311
286,285,286,288,289,296,305,310,309,307,311,312
285,286,288,289,296,305,310,309,307,311,312,305
286,288,289,296,305,310,309,307,311,312,305,300
288,289,296,305,310,309,307,311,312,305,300,296
289,296,305,310,309,307,311,312,305,300,296,291
296,305,310,309,307,311,312,305,300,296,291,288
305,310,309,307,311,312,305,300,296,291,288,282
310,309,307,311,312,305,300,296,291,288,282,274
309,307,311,312,305,300,296,291,288,282,274,267
307,311,312,305,300,296,291,288,282,274,267,261
311,312,305,300,296,291,288,282,274,267,261,255
312,305,300,296,291,288,282,274,267,261,255,250
305,300,296,291,288,282,274,267,261,255,250,246
300,296,291,288,282,274,267,261,255,250,246,238
296,291,288,282,274,267,261,255,250,246,238,231
291,288,282,274,267,261,255,250,246,238,231,227
288,282,274,267,261,255,250,246,238,231,227,220
282,274,267,261,255,250,246,238,231,227,220,208
274,267,261,255,250,246,238,231,227,220,208,201
267,261,255,250,246,238,231,227,220,208,201,199
261,255,250,246,238,231,227,220,208,201,199,201
255,250,246,238,231,227,220,208,201,199,201,199
250,246,238,231,227,220,208,201,199,201,199,196
246,238,231,227,220,208,201,199,201,199,196,190
238,231,227,220,208,201,199,201,199,196,190,187
231,227,220,208,201,199,201,199,196,190,187,182
227,220,208,201,199,201,199,196,190,187,182,174
220,208,201,199,201,199,196,190,187,182,174,169
208,201,199,201,199,196,190,187,182,174,169,162
201,199,201,199,196,190,187,182,174,169,162,154
199,201,199,196,190,187,182,174,169,162,154,147
201,199,196,190,187,182,174,169,162,154,147,138
199,196,190,187,182,174,169,162,154,147,138,133
196,190,187,182,174,169,162,154,147,138,133,132
190,187,182,174,169,162,154,147,138,133,132,129
187,182,174,169,162,154,147,138,133,132,129,125
182,174,169,162,154,147,138,133,132,129,125,123
174,169,162,154,147,138,133,132,129,125,123,123
169,162,154,147,138,133,132,129,125,123,123,123
162,154,147,138,133,132,129,125,123,123,123,122
154,147,138,133,132,129,125,123,123,123,122,121
147,138,133,132,129,125,123,123,123,122,121,121
138,133,132,129,125,123,123,123,122,121,121,120
133,132,129,125,123,123,123,122,121,121,120,116
132,129,125,123,123,123,122,121,121,120,116,113
129,125,123,123,123,122,121,121,120,116,113,113
125,123,123,123,122,121,121,120,116,113,113,110
123,123,123,122,121,121,120,116,113,113,110,111
123,123,122,121,121,120,116,113,113,110,111,110
123,122,121,121,120,116,113,113,110,111,110,110
122,121,121,120,116,113,113,110,111,110,110,108
121,121,120,116,113,113,110,111,110,110,108,105
121,120,116,113,113,110,111,110,110,108,105,103
120,116,113,113,110,111,110,110,108,105,103,105
116,113,113,110,111,110,110,108,105,103,105,103
113,113,110,111,110,110,108,105,103,105,103,101
113,110,111,110,110,108,105,103,105,103,101,101
110,111,110,110,108,105,103,105,103,101,101,101
111,110,110,108,105,103,105,103,101,101,101,101
110,110,108,105,103,105,103,101,101,101,101,101
110,108,105,103,105,103,101,101,101,101,101,101
108,105,103,105,103,101,101,101,101,101,101,104
105,103,105,103,101,101,101,101,101,101,104,105
103,105,103,101,101,101,101,101,101,104,105,106
105,103,101,101,101,101,101,101,104,105,106,102
103,101,101,101,101,101,101,104,105,106,102,101
101,101,101,101,101,101,104,105,106,102,101,104
101,101,101,101,101,104,105,106,102,101,104,103
101,101,101,101,104,105,106,102,101,104,103,103
101,101,101,104,105,106,102,101,104,103,103,102
101,101,104,105,106,102,101,104,103,103,102,99
101,104,105,106,102,101,104,103,103,102,99,110
104,105,106,102,101,104,103,103,102,99,110,116
105,106,102,101,104,103,103,102,99,110,116,128
106,102,101,104,103,103,102,99,110,116,128,140
102,101,104,103,103,102,99,110,116,128,140,149
101,104,103,103,102,99,110,116,128,140,149,158
104,103,103,102,99,110,116,128,140,149,158,165
103,103,102,99,110,116,128,140,149,158,165,171
103,102,99,110,116,128,140,149,158,165,171,177
102,99,110,116,128,140,149,158,165,171,177,182
99,110,116,128,140,149,158,165,171,177,182,189
110,116,128,140,149,158,165,171,177,182,189,190
116,128,140,149,158,165,171,177,182,189,190,189
128,140,149,158,165,171,177,182,189,190,189,184
140,149,158,165,171,177,182,189,190,189,184,182
149,158,165,171,177,182,189,190,189,184,182,180
158,165,171,177,182,189,190,189,184,182,180,173
165,171,177,182,189,190,189,184,182,180,173,165
171,177,182,189,190,189,184,182,180,173,165,162
177,182,189,190,189,184,182,180,173,165,162,165
182,189,190,189,184,182,180,173,165,162,165,163
189,190,189,184,182,180,173,165,162,165,163,156
190,189,184,182,180,173,165,162,165,163,156,154
189,184,182,180,173,165,162,165,163,156,154,156
184,182,180,173,165,162,165,163,156,154,156,162
182,180,173,165,162,165,163,156,154,156,162,162
180,173,165,162,165,163,156,154,156,162,162,159
173,165,162,165,163,156,154,156,162,162,159,156
165,162,165,163,156,154,156,162,162,159,156,154
162,165,163,156,154,156,162,162,159,156,154,154
165,163,156,154,156,162,162,159,156,154,154,156
163,156,154,156,162,162,159,156,154,154,156,160
156,154,156,162,162,159,156,154,154,156,160,161
154,156,162,162,159,156,154,154,156,160,161,162
156,162,162,159,156,154,154,156,160,161,162,161
162,162,159,156,154,154,156,160,161,162,161,158
162,159,156,154,154,156,160,161,162,161,158,160
159,156,154,154,156,160,161,162,161,158,160,162
156,154,154,156,160,161,162,161,158,160,162,158
154,154,156,160,161,162,161,158,160,162,158,154
154,156,160,161,162,161,158,160,162,158,154,154
156,160,161,162,161,158,160,162,158,154,154,154
160,161,162,161,158,160,162,158,154,154,154,153
161,162,161,158,160,162,158,154,154,154,153,152
162,161,158,160,162,158,154,154,154,153,152,150
161,158,160,162,158,154,154,154,153,152,150,150
158,160,162,158,154,154,154,153,152,150,150,149
160,162,158,154,154,154,153,152,150,150,149,148
162,158,154,154,154,153,152,150,150,149,148,145
158,154,154,154,153,152,150,150,149,148,145,145
154,154,154,153,152,150,150,149,148,145,145,145
154,154,153,152,150,150,149,148,145,145,145,145
154,153,152,150,150,149,148,145,145,145,145,145
153,152,150,150,149,148,145,145,145,145,145,144
152,150,150,149,148,145,145,145,145,145,144,144
150,150,149,148,145,145,145,145,145,144,144,146
150,149,148,145,145,145,145,145,144,144,146,144
149,148,145,145,145,145,145,144,144,146,144,143
148,145,145,145,145,145,144,144,146,144,143,143
145,145,145,145,145,144,144,146,144,143,143,142
145,145,145,145,144,144,146,144,143,143,142,141
145,145,145,144,144,146,144,143,143,142,141,141
145,145,144,144,146,144,143,143,142,141,141,149
145,144,144,146,144,143,143,142,141,141,149,159
144,144,146,144,143,143,142,141,141,149,159,161
144,146,144,143,143,142,141,141,149,159,161,158
146,144,143,143,142,141,141,149,159,161,158,157
144,143,143,142,141,141,149,159,161,158,157,157
143,143,142,141,141,149,159,161,158,157,157,157
143,142,141,141,149,159,161,158,157,157,157,154
142,141,141,149,159,161,158,157,157,157,154,152
141,141,149,159,161,158,157,157,157,154,152,152
141,149,159,161,158,157,157,157,154,152,152,157
149,159,161,158,157,157,157,154,152,152,157,158
159,161,158,157,157,157,154,152,152,157,158,151
161,158,157,157,157,154,152,152,157,158,151,150
158,157,157,157,154,152,152,157,158,151,150,151
157,157,157,154,152,152,157,158,151,150,151,151
157,157,154,152,152,157,158,151,150,151,151,148
157,154,152,152,157,158,151,150,151,151,148,147
154,152,152,157,158,151,150,151,151,148,147,151
152,152,157,158,151,150,151,151,148,147,151,154
152,157,158,151,150,151,151,148,147,151,154,154
157,158,151,150,151,151,148,147,151,154,154,153
158,151,150,151,151,148,147,151,154,154,153,152
151,150,151,151,148,147,151,154,154,153,152,151
150,151,151,148,147,151,154,154,153,152,151,151
151,151,148,147,151,154,154,153,152,151,151,149
151,148,147,151,154,154,153,152,151,151,149,148
148,147,151,154,154,153,152,151,151,149,148,142
147,151,154,154,153,152,151,151,149,148,142,138
151,154,154,153,152,151,151,149,148,142,138,137
154,154,153,152,151,151,149,148,142,138,137,137
154,153,152,151,151,149,148,142,138,137,137,137
153,152,151,151,149,148,142,138,137,137,137,139
152,151,151,149,148,142,138,137,137,137,139,139
151,151,149,148,142,138,137,137,137,139,139,138
151,149,148,142,138,137,137,137,139,139,138,134
149,148,142,138,137,137,137,139,139,138,134,135
148,142,138,137,137,137,139,139,138,134,135,136
142,138,137,137,137,139,139,138,134,135,136,136
138,137,137,137,139,139,138,134,135,136,136,133
137,137,137,139,139,138,134,135,136,136,133,131
137,137,139,139,138,134,135,136,136,133,131,133
137,139,139,138,134,135,136,136,133,131,133,138
139,139,138,134,135,136,136,133,131,133,138,136
139,138,134,135,136,136,133,131,133,138,136,134
138,134,135,136,136,133,131,133,138,136,134,140
134,135,136,136,133,131,133,138,136,134,140,144
135,136,136,133,131,133,138,136,134,140,144,144
136,136,133,131,133,138,136,134,140,144,144,145
136,133,131,133,138,136,134,140,144,144,145,147
133,131,133,138,136,134,140,144,144,145,147,149
131,133,138,136,134,140,144,144,145,147,149,151
133,138,136,134,140,144,144,145,147,149,151,153
138,136,134,140,144,144,145,147,149,151,153,156
136,134,140,144,144,145,147,149,151,153,156,152
134,140,144,144,145,147,149,151,153,156,152,146
140,144,144,145,147,149,151,153,156,152,146,149
144,144,145,147,149,151,153,156,152,146,149,151
144,145,147,149,151,153,156,152,146,149,151,155
145,147,149,151,153,156,152,146,149,151,155,159
147,149,151,153,156,152,146,149,151,155,159,162
149,151,153,156,152,146,149,151,155,159,162,165
151,153,156,152,146,149,151,155,159,162,165,168
153,156,152,146,149,151,155,159,162,165,168,171
156,152,146,149,151,155,159,162,165,168,171,176
152,146,149,151,155,159,162,165,168,171,176,188
146,149,151,155,159,162,165,168,171,176,188,190
149,151,155,159,162,165,168,171,176,188,190,190
151,155,159,162,165,168,171,176,188,190,190,195
155,159,162,165,168,171,176,188,190,190,195,201
159,162,165,168,171,176,188,190,190,195,201,204
162,165,168,171,176,188,190,190,195,201,204,208
165,168,171,176,188,190,190,195,201,204,208,211
168,171,176,188,190,190,195,201,204,208,211,213
171,176,188,190,190,195,201,204,208,211,213,214
176,188,190,190,195,201,204,208,211,213,214,217
188,190,190,195,201,204,208,211,213,214,217,222
190,190,195,201,204,208,211,213,214,217,222,233
190,195,201,204,208,211,213,214,217,222,233,238
195,201,204,208,211,213,214,217,222,233,238,241
201,204,208,211,213,214,217,222,233,238,241,238
204,208,211,213,214,217,222,233,238,241,238,236
208,211,213,214,217,222,233,238,241,238,236,237
211,213,214,217,222,233,238,241,238,236,237,236
213,214,217,222,233,238,241,238,236,237,236,230
214,217,222,233,238,241,238,236,237,236,230,231
217,222,233,238,241,238,236,237,236,230,231,233
222,233,238,241,238,236,237,236,230,231,233,237
233,238,241,238,236,237,236,230,231,233,237,242
238,241,238,236,237,236,230,231,233,237,242,244
241,238,236,237,236,230,231,233,237,242,244,245
238,236,237,236,230,231,233,237,242,244,245,247
236,237,236,230,231,233,237,242,244,245,247,249
237,236,230,231,233,237,242,244,245,247,249,251
236,230,231,233,237,242,244,245,247,249,251,257
230,231,233,237,242,244,245,247,249,251,257,264
231,233,237,242,244,245,247,249,251,257,264,269
233,237,242,244,245,247,249,251,257,264,269,273
237,242,244,245,247,249,251,257,264,269,273,274
242,244,245,247,249,251,257,264,269,273,274,274
244,245,247,249,251,257,264,269,273,274,274,274
245,247,249,251,257,264,269,273,274,274,274,275
247,249,251,257,264,269,273,274,274,274,275,276
249,251,257,264,269,273,274,274,274,275,276,277
251,257,264,269,273,274,274,274,275,276,277,273
257,264,269,273,274,274,274,275,276,277,273,272
264,269,273,274,274,274,275,276,277,273,272,270
269,273,274,274,274,275,276,277,273,272,270,268
273,274,274,274,275,276,277,273,272,270,268,266
274,274,274,275,276,277,273,272,270,268,266,267
274,274,275,276,277,273,272,270,268,266,267,275
274,275,276,277,273,272,270,268,266,267,275,278
275,276,277,273,272,270,268,266,267,275,278,287
276,277,273,272,270,268,266,267,275,278,287,293
277,273,272,270,268,266,267,275,278,287,293,297
273,272,270,268,266,267,275,278,287,293,297,297
272,270,268,266,267,275,278,287,293,297,297,294
270,268,266,267,275,278,287,293,297,297,294,292
268,266,267,275,278,287,293,297,297,294,292,291
266,267,275,278,287,293,297,297,294,292,291,293
267,275,278,287,293,297,297,294,292,291,293,290
275,278,287,293,297,297,294,292,291,293,290,288
278,287,293,297,297,294,292,291,293,290,288,284
287,293,297,297,294,292,291,293,290,288,284,280
293,297,297,294,292,291,293,290,288,284,280,279
297,297,294,292,291,293,290,288,284,280,279,278
297,294,292,291,293,290,288,284,280,279,278,279
294,292,291,293,290,288,284,280,279,278,279,280
292,291,293,290,288,284,280,279,278,279,280,284
291,293,290,288,284,280,279,278,279,280,284,283
293,290,288,284,280,279,278,279,280,284,283,279
290,288,284,280,279,278,279,280,284,283,279,277
288,284,280,279,278,279,280,284,283,279,277,275
284,280,279,278,279,280,284,283,279,277,275,272
280,279,278,279,280,284,283,279,277,275,272,274
279,278,279,280,284,283,279,277,275,272,274,275
278,279,280,284,283,279,277,275,272,274,275,269
279,280,284,283,279,277,275,272,274,275,269,268
280,284,283,279,277,275,272,274,275,269,268,263
284,283,279,277,275,272,274,275,269,268,263,266
283,279,277,275,272,274,275,269,268,263,266,270
279,277,275,272,274,275,269,268,263,266,270,266
277,275,272,274,275,269,268,263,266,270,266,265
275,272,274,275,269,268,263,266,270,266,265,265
272,274,275,269,268,263,266,270,266,265,265,265
274,275,269,268,263,266,270,266,265,265,265,266
275,269,268,263,266,270,266,265,265,265,266,269
269,268,263,266,270,266,265,265,265,266,269,270
268,263,266,270,266,265,265,265,266,269,270,270
263,266,270,266,265,265,265,266,269,270,270,271
266,270,266,265,265,265,266,269,270,270,271,278
270,266,265,265,265,266,269,270,270,271,278,283
266,265,265,265,266,269,270,270,271,278,283,283
265,265,265,266,269,270,270,271,278,283,283,279
265,265,266,269,270,270,271,278,283,283,279,297
265,266,269,270,270,271,278,283,283,279,297,302
266,269,270,270,271,278,283,283,279,297,302,302
269,270,270,271,278,283,283,279,297,302,302,298
270,270,271,278,283,283,279,297,302,302,298,295
270,271,278,283,283,279,297,302,302,298,295,297
271,278,283,283,279,297,302,302,298,295,297,291
278,283,283,279,297,302,302,298,295,297,291,283
283,283,279,297,302,302,298,295,297,291,283,281
283,279,297,302,302,298,295,297,291,283,281,284
279,297,302,302,298,295,297,291,283,281,284,282
297,302,302,298,295,297,291,283,281,284,282,279
302,302,298,295,297,291,283,281,284,282,279,274
302,298,295,297,291,283,281,284,282,279,274,269
298,295,297,291,283,281,284,282,279,274,269,265
295,297,291,283,281,284,282,279,274,269,265,263
297,291,283,281,284,282,279,274,269,265,263,260
291,283,281,284,282,279,274,269,265,263,260,257
283,281,284,282,279,274,269,265,263,260,257,261
281,284,282,279,274,269,265,263,260,257,261,265
284,282,279,274,269,265,263,260,257,261,265,261
282,279,274,269,265,263,260,257,261,265,261,256
279,274,269,265,263,260,257,261,265,261,256,255
274,269,265,263,260,257,261,265,261,256,255,259
269,265,263,260,257,261,265,261,256,255,259,262
265,263,260,257,261,265,261,256,255,259,262,257
263,260,257,261,265,261,256,255,259,262,257,253
260,257,261,265,261,256,255,259,262,257,253,250
257,261,265,261,256,255,259,262,257,253,250,245
261,265,261,256,255,259,262,257,253,250,245,236
265,261,256,255,259,262,257,253,250,245,236,226
261,256,255,259,262,257,253,250,245,236,226,214
256,255,259,262,257,253,250,245,236,226,214,201
255,259,262,257,253,250,245,236,226,214,201,191
259,262,257,253,250,245,236,226,214,201,191,184
262,257,253,250,245,236,226,214,201,191,184,180
257,253,250,245,236,226,214,201,191,184,180,178
253,250,245,236,226,214,201,191,184,180,178,175
250,245,236,226,214,201,191,184,180,178,175,168
245,236,226,214,201,191,184,180,178,175,168,165
236,226,214,201,191,184,180,178,175,168,165,163
226,214,201,191,184,180,178,175,168,165,163,159
214,201,191,184,180,178,175,168,165,163,159,151
201,191,184,180,178,175,168,165,163,159,151,148
191,184,180,178,175,168,165,163,159,151,148,145
184,180,178,175,168,165,163,159,151,148,145,142
180,178,175,168,165,163,159,151,148,145,142,136
178,175,168,165,163,159,151,148,145,142,136,127
175,168,165,163,159,151,148,145,142,136,127,117
168,165,163,159,151,148,145,142,136,127,117,112
165,163,159,151,148,145,142,136,127,117,112,106
163,159,151,148,145,142,136,127,117,112,106,103
159,151,148,145,142,136,127,117,112,106,103,104
151,148,145,142,136,127,117,112,106,103,104,101
148,145,142,136,127,117,112,106,103,104,101,99
145,142,136,127,117,112,106,103,104,101,99,102
142,136,127,117,112,106,103,104,101,99,102,102
136,127,117,112,106,103,104,101,99,102,102,102
127,117,112,106,103,104,101,99,102,102,102,104
117,112,106,103,104,101,99,102,102,102,104,105
112,106,103,104,101,99,102,102,102,104,105,109
106,103,104,101,99,102,102,102,104,105,109,110
103,104,101,99,102,102,102,104,105,109,110,108
104,101,99,102,102,102,104,105,109,110,108,108
101,99,102,102,102,104,105,109,110,108,108,108
99,102,102,102,104,105,109,110,108,108,108,110
102,102,102,104,105,109,110,108,108,108,110,113
102,102,104,105,109,110,108,108,108,110,113,114
102,104,105,109,110,108,108,108,110,113,114,113
104,105,109,110,108,108,108,110,113,114,113,115
105,109,110,108,108,108,110,113,114,113,115,120
109,110,108,108,108,110,113,114,113,115,120,118
110,108,108,108,110,113,114,113,115,120,118,118
108,108,108,110,113,114,113,115,120,118,118,117
108,108,110,113,114,113,115,120,118,118,117,117
108,110,113,114,113,115,120,118,118,117,117,115
110,113,114,113,115,120,118,118,117,117,115,115
113,114,113,115,120,118,118,117,117,115,115,116
114,113,115,120,118,118,117,117,115,115,116,114
113,115,120,118,118,117,117,115,115,116,114,113
115,120,118,118,117,117,115,115,116,114,113,114
120,118,118,117,117,115,115,116,114,113,114,116
118,118,117,117,115,115,116,114,113,114,116,120
118,117,117,115,115,116,114,113,114,116,120,122
117,117,115,115,116,114,113,114,116,120,122,121
117,115,115,116,114,113,114,116,120,122,121,120
115,115,116,114,113,114,116,120,122,121,120,119
115,116,114,113,114,116,120,122,121,120,119,119
116,114,113,114,116,120,122,121,120,119,119,119
114,113,114,116,120,122,121,120,119,119,119,121
113,114,116,120,122,121,120,119,119,119,121,123
114,116,120,122,121,120,119,119,119,121,123,120
116,120,122,121,120,119,119,119,121,123,120,122
120,122,121,120,119,119,119,121,123,120,122,123
122,121,120,119,119,119,121,123,120,122,123,123
121,120,119,119,119,121,123,120,122,123,123,125
120,119,119,119,121,123,120,122,123,123,125,126
119,119,119,121,123,120,122,123,123,125,126,130
119,119,121,123,120,122,123,123,125,126,130,132
119,121,123,120,122,123,123,125,126,130,132,132
121,123,120,122,123,123,125,126,130,132,132,132
123,120,122,123,123,125,126,130,132,132,132,131
120,122,123,123,125,126,130,132,132,132,131,130
122,123,123,125,126,130,132,132,132,131,130,128
123,123,125,126,130,132,132,132,131,130,128,127
123,125,126,130,132,132,132,131,130,128,127,126
125,126,130,132,132,132,131,130,128,127,126,127
126,130,132,132,132,131,130,128,127,126,127,129
130,132,132,132,131,130,128,127,126,127,129,130
132,132,132,131,130,128,127,126,127,129,130,128
132,132,131,130,128,127,126,127,129,130,128,125
132,131,130,128,127,126,127,129,130,128,125,124
131,130,128,127,126,127,129,130,128,125,124,122
130,128,127,126,127,129,130,128,125,124,122,116
128,127,126,127,129,130,128,125,124,122,116,108
127,126,127,129,130,128,125,124,122,116,108,97
126,127,129,130,128,125,124,122,116,108,97,89
127,129,130,128,125,124,122,116,108,97,89,86
129,130,128,125,124,122,116,108,97,89,86,85
130,128,125,124,122,116,108,97,89,86,85,85
128,125,124,122,116,108,97,89,86,85,85,88
125,124,122,116,108,97,89,86,85,85,88,93
124,122,116,108,97,89,86,85,85,88,93,101
122,116,108,97,89,86,85,85,88,93,101,108
116,108,97,89,86,85,85,88,93,101,108,117
108,97,89,86,85,85,88,93,101,108,117,117
97,89,86,85,85,88,93,101,108,117,117,112
89,86,85,85,88,93,101,108,117,117,112,105
86,85,85,88,93,101,108,117,117,112,105,96
85,85,88,93,101,108,117,117,112,105,96,87
85,88,93,101,108,117,117,112,105,96,87,83
88,93,101,108,117,117,112,105,96,87,83,81
93,101,108,117,117,112,105,96,87,83,81,79
101,108,117,117,112,105,96,87,83,81,79,78
108,117,117,112,105,96,87,83,81,79,78,77
117,117,112,105,96,87,83,81,79,78,77,78
117,112,105,96,87,83,81,79,78,77,78,85
112,105,96,87,83,81,79,78,77,78,85,94
105,96,87,83,81,79,78,77,78,85,94,99
96,87,83,81,79,78,77,78,85,94,99,99
87,83,81,79,78,77,78,85,94,99,99,103
83,81,79,78,77,78,85,94,99,99,103,107
81,79,78,77,78,85,94,99,99,103,107,109
79,78,77,78,85,94,99,99,103,107,109,108
78,77,78,85,94,99,99,103,107,109,108,106
77,78,85,94,99,99,103,107,109,108,106,103
78,85,94,99,99,103,107,109,108,106,103,102
85,94,99,99,103,107,109,108,106,103,102,100
94,99,99,103,107,109,108,106,103,102,100,98
99,99,103,107,109,108,106,103,102,100,98,101
99,103,107,109,108,106,103,102,100,98,101,100
103,107,109,108,106,103,102,100,98,101,100,95
107,109,108,106,103,102,100,98,101,100,95,86
109,108,106,103,102,100,98,101,100,95,86,79
108,106,103,102,100,98,101,100,95,86,79,76
106,103,102,100,98,101,100,95,86,79,76,76
103,102,100,98,101,100,95,86,79,76,76,78
102,100,98,101,100,95,86,79,76,76,78,81
100,98,101,100,95,86,79,76,76,78,81,85
98,101,100,95,86,79,76,76,78,81,85,83
101,100,95,86,79,76,76,78,81,85,83,80
100,95,86,79,76,76,78,81,85,83,80,75
95,86,79,76,76,78,81,85,83,80,75,65
86,79,76,76,78,81,85,83,80,75,65,63
79,76,76,78,81,85,83,80,75,65,63,59
76,76,78,81,85,83,80,75,65,63,59,54
76,78,81,85,83,80,75,65,63,59,54,53
78,81,85,83,80,75,65,63,59,54,53,55
81,85,83,80,75,65,63,59,54,53,55,58
85,83,80,75,65,63,59,54,53,55,58,63
83,80,75,65,63,59,54,53,55,58,63,67
80,75,65,63,59,54,53,55,58,63,67,74
75,65,63,59,54,53,55,58,63,67,74,79
65,63,59,54,53,55,58,63,67,74,79,85
63,59,54,53,55,58,63,67,74,79,85,90
59,54,53,55,58,63,67,74,79,85,90,92
54,53,55,58,63,67,74,79,85,90,92,96
53,55,58,63,67,74,79,85,90,92,96,101
55,58,63,67,74,79,85,90,92,96,101,106
58,63,67,74,79,85,90,92,96,101,106,110
63,67,74,79,85,90,92,96,101,106,110,116
67,74,79,85,90,92,96,101,106,110,116,120
74,79,85,90,92,96,101,106,110,116,120,120
79,85,90,92,96,101,106,110,116,120,120,123
85,90,92,96,101,106,110,116,120,120,123,128
90,92,96,101,106,110,116,120,120,123,128,133
92,96,101,106,110,116,120,120,123,128,133,139
96,101,106,110,116,120,120,123,128,133,139,143
101,106,110,116,120,120,123,128,133,139,143,144
106,110,116,120,120,123,128,133,139,143,144,143
110,116,120,120,123,128,133,139,143,144,143,144
116,120,120,123,128,133,139,143,144,143,144,146
120,120,123,128,133,139,143,144,143,144,146,147
120,123,128,133,139,143,144,143,144,146,147,148
123,128,133,139,143,144,143,144,146,147,148,151
128,133,139,143,144,143,144,146,147,148,151,154
133,139,143,144,143,144,146,147,148,151,154,157
139,143,144,143,144,146,147,148,151,154,157,158
143,144,143,144,146,147,148,151,154,157,158,160
144,143,144,146,147,148,151,154,157,158,160,162
143,144,146,147,148,151,154,157,158,160,162,163
144,146,147,148,151,154,157,158,160,162,163,165
146,147,148,151,154,157,158,160,162,163,165,167
147,148,151,154,157,158,160,162,163,165,167,171
148,151,154,157,158,160,162,163,165,167,171,173
151,154,157,158,160,162,163,165,167,171,173,174
154,157,158,160,162,163,165,167,171,173,174,172
157,158,160,162,163,165,167,171,173,174,172,169
158,160,162,163,165,167,171,173,174,172,169,170
160,162,163,165,167,171,173,174,172,169,170,169
162,163,165,167,171,173,174,172,169,170,169,168
163,165,167,171,173,174,172,169,170,169,168,166
165,167,171,173,174,172,169,170,169,168,166,168
167,171,173,174,172,169,170,169,168,166,168,172
171,173,174,172,169,170,169,168,166,168,172,180
173,174,172,169,170,169,168,166,168,172,180,181
174,172,169,170,169,168,166,168,172,180,181,180
172,169,170,169,168,166,168,172,180,181,180,184
169,170,169,168,166,168,172,180,181,180,184,190
170,169,168,166,168,172,180,181,180,184,190,191
169,168,166,168,172,180,181,180,184,190,191,189
168,166,168,172,180,181,180,184,190,191,189,189
166,168,172,180,181,180,184,190,191,189,189,184
168,172,180,181,180,184,190,191,189,189,184,177
172,180,181,180,184,190,191,189,189,184,177,180
180,181,180,184,190,191,189,189,184,177,180,182
181,180,184,190,191,189,189,184,177,180,182,185
180,184,190,191,189,189,184,177,180,182,185,187
184,190,191,189,189,184,177,180,182,185,187,187
190,191,189,189,184,177,180,182,185,187,187,187
191,189,189,184,177,180,182,185,187,187,187,187
189,189,184,177,180,182,185,187,187,187,187,187
189,184,177,180,182,185,187,187,187,187,187,188
184,177,180,182,185,187,187,187,187,187,188,188
177,180,182,185,187,187,187,187,187,188,188,188
180,182,185,187,187,187,187,187,188,188,188,186
182,185,187,187,187,187,187,188,188,188,186,185
185,187,187,187,187,187,188,188,188,186,185,185
187,187,187,187,187,188,188,188,186,185,185,185
187,187,187,187,188,188,188,186,185,185,185,183
187,187,187,188,188,188,186,185,185,185,183,186
187,187,188,188,188,186,185,185,185,183,186,189
187,188,188,188,186,185,185,185,183,186,189,192
188,188,188,186,185,185,185,183,186,189,192,191
188,188,186,185,185,185,183,186,189,192,191,185
188,186,185,185,185,183,186,189,192,191,185,179
186,185,185,185,183,186,189,192,191,185,179,177
185,185,185,183,186,189,192,191,185,179,177,177
185,185,183,186,189,192,191,185,179,177,177,178
185,183,186,189,192,191,185,179,177,177,178,178
183,186,189,192,191,185,179,177,177,178,178,177
186,189,192,191,185,179,177,177,178,178,177,181
189,192,191,185,179,177,177,178,178,177,181,187
192,191,185,179,177,177,178,178,177,181,187,191
191,185,179,177,177,178,178,177,181,187,191,191
185,179,177,177,178,178,177,181,187,191,191,190
179,177,177,178,178,177,181,187,191,191,190,189
177,177,178,178,177,181,187,191,191,190,189,189
177,178,178,177,181,187,191,191,190,189,189,189
178,178,177,181,187,191,191,190,189,189,189,186
178,177,181,187,191,191,190,189,189,189,186,183
177,181,187,191,191,190,189,189,189,186,183,181
181,187,191,191,190,189,189,189,186,183,181,179
187,191,191,190,189,189,189,186,183,181,179,181
191,191,190,189,189,189,186,183,181,179,181,185
191,190,189,189,189,186,183,181,179,181,185,185
190,189,189,189,186,183,181,179,181,185,185,185
189,189,189,186,183,181,179,181,185,185,185,186
189,189,186,183,181,179,181,185,185,185,186,190
189,186,183,181,179,181,185,185,185,186,190,191
186,183,181,179,181,185,185,185,186,190,191,191
183,181,179,181,185,185,185,186,190,191,191,189
181,179,181,185,185,185,186,190,191,191,189,192
179,181,185,185,185,186,190,191,191,189,192,192
181,185,185,185,186,190,191,191,189,192,192,193
185,185,185,186,190,191,191,189,192,192,193,194
185,185,186,190,191,191,189,192,192,193,194,192
185,186,190,191,191,189,192,192,193,194,192,189
186,190,191,191,189,192,192,193,194,192,189,187
190,191,191,189,192,192,193,194,192,189,187,186
191,191,189,192,192,193,194,192,189,187,186,186
191,189,192,192,193,194,192,189,187,186,186,186
189,192,192,193,194,192,189,187,186,186,186,185
192,192,193,194,192,189,187,186,186,186,185,186
192,193,194,192,189,187,186,186,186,185,186,185
193,194,192,189,187,186,186,186,185,186,185,185
194,192,189,187,186,186,186,185,186,185,185,184
192,189,187,186,186,186,185,186,185,185,184,183
189,187,186,186,186,185,186,185,185,184,183,183
187,186,186,186,185,186,185,185,184,183,183,184
186,186,186,185,186,185,185,184,183,183,184,187
186,186,185,186,185,185,184,183,183,184,187,188
186,185,186,185,185,184,183,183,184,187,188,193
185,186,185,185,184,183,183,184,187,188,193,198
186,185,185,184,183,183,184,187,188,193,198,201
185,185,184,183,183,184,187,188,193,198,201,204
185,184,183,183,184,187,188,193,198,201,204,203
184,183,183,184,187,188,193,198,201,204,203,212
183,183,184,187,188,193,198,201,204,203,212,215
183,184,187,188,193,198,201,204,203,212,215,213
184,187,188,193,198,201,204,203,212,215,213,209
187,188,193,198,201,204,203,212,215,213,209,202
188,193,198,201,204,203,212,215,213,209,202,204
193,198,201,204,203,212,215,213,209,202,204,208
198,201,204,203,212,215,213,209,202,204,208,205
201,204,203,212,215,213,209,202,204,208,205,200
204,203,212,215,213,209,202,204,208,205,200,197
203,212,215,213,209,202,204,208,205,200,197,199
212,215,213,209,202,204,208,205,200,197,199,193
215,213,209,202,204,208,205,200,197,199,193,186
213,209,202,204,208,205,200,197,199,193,186,186
209,202,204,208,205,200,197,199,193,186,186,184
202,204,208,205,200,197,199,193,186,186,184,183
204,208,205,200,197,199,193,186,186,184,183,184
208,205,200,197,199,193,186,186,184,183,184,184
205,200,197,199,193,186,186,184,183,184,184,184
200,197,199,193,186,186,184,183,184,184,184,183
197,199,193,186,186,184,183,184,184,184,183,181
199,193,186,186,184,183,184,184,184,183,181,183
193,186,186,184,183,184,184,184,183,181,183,193
186,186,184,183,184,184,184,183,181,183,193,202
186,184,183,184,184,184,183,181,183,193,202,210
184,183,184,184,184,183,181,183,193,202,210,213
183,184,184,184,183,181,183,193,202,210,213,211
184,184,184,183,181,183,193,202,210,213,211,209
184,184,183,181,183,193,202,210,213,211,209,205
184,183,181,183,193,202,210,213,211,209,205,201
183,181,183,193,202,210,213,211,209,205,201,197
181,183,193,202,210,213,211,209,205,201,197,192
183,193,202,210,213,211,209,205,201,197,192,185
193,202,210,213,211,209,205,201,197,192,185,177
202,210,213,211,209,205,201,197,192,185,177,166
210,213,211,209,205,201,197,192,185,177,166,152
213,211,209,205,201,197,192,185,177,166,152,141
211,209,205,201,197,192,185,177,166,152,141,128
209,205,201,197,192,185,177,166,152,141,128,118
205,201,197,192,185,177,166,152,141,128,118,111
201,197,192,185,177,166,152,141,128,118,111,110
197,192,185,177,166,152,141,128,118,111,110,107
192,185,177,166,152,141,128,118,111,110,107,100
185,177,166,152,141,128,118,111,110,107,100,91
177,166,152,141,128,118,111,110,107,100,91,84
166,152,141,128,118,111,110,107,100,91,84,78
152,141,128,118,111,110,107,100,91,84,78,75
141,128,118,111,110,107,100,91,84,78,75,75
128,118,111,110,107,100,91,84,78,75,75,72
118,111,110,107,100,91,84,78,75,75,72,68
111,110,107,100,91,84,78,75,75,72,68,67
110,107,100,91,84,78,75,75,72,68,67,68
107,100,91,84,78,75,75,72,68,67,68,69
100,91,84,78,75,75,72,68,67,68,69,71
91,84,78,75,75,72,68,67,68,69,71,76
84,78,75,75,72,68,67,68,69,71,76,77
78,75,75,72,68,67,68,69,71,76,77,75
75,75,72,68,67,68,69,71,76,77,75,75
75,72,68,67,68,69,71,76,77,75,75,77
72,68,67,68,69,71,76,77,75,75,77,77
68,67,68,69,71,76,77,75,75,77,77,76
67,68,69,71,76,77,75,75,77,77,76,76
68,69,71,76,77,75,75,77,77,76,76,77
69,71,76,77,75,75,77,77,76,76,77,78
71,76,77,75,75,77,77,76,76,77,78,78
76,77,75,75,77,77,76,76,77,78,78,77
77,75,75,77,77,76,76,77,78,78,77,76
75,75,77,77,76,76,77,78,78,77,76,74
75,77,77,76,76,77,78,78,77,76,74,75
77,77,76,76,77,78,78,77,76,74,75,76
77,76,76,77,78,78,77,76,74,75,76,76
76,76,77,78,78,77,76,74,75,76,76,76
76,77,78,78,77,76,74,75,76,76,76,78
77,78,78,77,76,74,75,76,76,76,78,78
78,78,77,76,74,75,76,76,76,78,78,79
78,77,76,74,75,76,76,76,78,78,79,83
77,76,74,75,76,76,76,78,78,79,83,87
76,74,75,76,76,76,78,78,79,83,87,94
74,75,76,76,76,78,78,79,83,87,94,105
75,76,76,76,78,78,79,83,87,94,105,120
76,76,76,78,78,79,83,87,94,105,120,134
76,76,78,78,79,83,87,94,105,120,134,151
76,78,78,79,83,87,94,105,120,134,151,165
78,78,79,83,87,94,105,120,134,151,165,176
78,79,83,87,94,105,120,134,151,165,176,185
79,83,87,94,105,120,134,151,165,176,185,197
83,87,94,105,120,134,151,165,176,185,197,210
87,94,105,120,134,151,165,176,185,197,210,222
94,105,120,134,151,165,176,185,197,210,222,226
105,120,134,151,165,176,185,197,210,222,226,229
120,134,151,165,176,185,197,210,222,226,229,235
134,151,165,176,185,197,210,222,226,229,235,240
151,165,176,185,197,210,222,226,229,235,240,237
165,176,185,197,210,222,226,229,235,240,237,232
176,185,197,210,222,226,229,235,240,237,232,231
185,197,210,222,226,229,235,240,237,232,231,228
197,210,222,226,229,235,240,237,232,231,228,225
210,222,226,229,235,240,237,232,231,228,225,221
222,226,229,235,240,237,232,231,228,225,221,220
226,229,235,240,237,232,231,228,225,221,220,223
229,235,240,237,232,231,228,225,221,220,223,220
235,240,237,232,231,228,225,221,220,223,220,216
240,237,232,231,228,225,221,220,223,220,216,208
237,232,231,228,225,221,220,223,220,216,208,196
232,231,228,225,221,220,223,220,216,208,196,183
231,228,225,221,220,223,220,216,208,196,183,172
228,225,221,220,223,220,216,208,196,183,172,164
225,221,220,223,220,216,208,196,183,172,164,161
221,220,223,220,216,208,196,183,172,164,161,162
220,223,220,216,208,196,183,172,164,161,162,164
223,220,216,208,196,183,172,164,161,162,164,168
220,216,208,196,183,172,164,161,162,164,168,170
216,208,196,183,172,164,161,162,164,168,170,170
208,196,183,172,164,161,162,164,168,170,170,168
196,183,172,164,161,162,164,168,170,170,168,164
183,172,164,161,162,164,168,170,170,168,164,159
172,164,161,162,164,168,170,170,168,164,159,150
164,161,162,164,168,170,170,168,164,159,150,147
161,162,164,168,170,170,168,164,159,150,147,138
162,164,168,170,170,168,164,159,150,147,138,127
164,168,170,170,168,164,159,150,147,138,127,121
168,170,170,168,164,159,150,147,138,127,121,115
170,170,168,164,159,150,147,138,127,121,115,111
170,168,164,159,150,147,138,127,121,115,111,107
168,164,159,150,147,138,127,121,115,111,107,105
164,159,150,147,138,127,121,115,111,107,105,103
159,150,147,138,127,121,115,111,107,105,103,101
150,147,138,127,121,115,111,107,105,103,101,100
147,138,127,121,115,111,107,105,103,101,100,99
138,127,121,115,111,107,105,103,101,100,99,98
127,121,115,111,107,105,103,101,100,99,98,97
121,115,111,107,105,103,101,100,99,98,97,94
115,111,107,105,103,101,100,99,98,97,94,93
111,107,105,103,101,100,99,98,97,94,93,93
107,105,103,101,100,99,98,97,94,93,93,91
105,103,101,100,99,98,97,94,93,93,91,91
103,101,100,99,98,97,94,93,93,91,91,80
101,100,99,98,97,94,93,93,91,91,80,79
100,99,98,97,94,93,93,91,91,80,79,81
99,98,97,94,93,93,91,91,80,79,81,83
98,97,94,93,93,91,91,80,79,81,83,82
97,94,93,93,91,91,80,79,81,83,82,82
94,93,93,91,91,80,79,81,83,82,82,83
93,93,91,91,80,79,81,83,82,82,83,85
93,91,91,80,79,81,83,82,82,83,85,86
91,91,80,79,81,83,82,82,83,85,86,87
91,80,79,81,83,82,82,83,85,86,87,88
80,79,81,83,82,82,83,85,86,87,88,88
79,81,83,82,82,83,85,86,87,88,88,88
81,83,82,82,83,85,86,87,88,88,88,88
83,82,82,83,85,86,87,88,88,88,88,88
82,82,83,85,86,87,88,88,88,88,88,90
82,83,85,86,87,88,88,88,88,88,90,89
83,85,86,87,88,88,88,88,88,90,89,89
85,86,87,88,88,88,88,88,90,89,89,89
86,87,88,88,88,88,88,90,89,89,89,90
87,88,88,88,88,88,90,89,89,89,90,91
88,88,88,88,88,90,89,89,89,90,91,93
88,88,88,88,90,89,89,89,90,91,93,96
88,88,88,90,89,89,89,90,91,93,96,101
88,88,90,89,89,89,90,91,93,96,101,104
88,90,89,89,89,90,91,93,96,101,104,106
90,89,89,89,90,91,93,96,101,104,106,107
89,89,89,90,91,93,96,101,104,106,107,110
89,89,90,91,93,96,101,104,106,107,110,114
89,90,91,93,96,101,104,106,107,110,114,117
90,91,93,96,101,104,106,107,110,114,117,119
91,93,96,101,104,106,107,110,114,117,119,124
93,96,101,104,106,107,110,114,117,119,124,126
96,101,104,106,107,110,114,117,119,124,126,127
101,104,106,107,110,114,117,119,124,126,127,128
104,106,107,110,114,117,119,124,126,127,128,129
106,107,110,114,117,119,124,126,127,128,129,127
107,110,114,117,119,124,126,127,128,129,127,127
110,114,117,119,124,126,127,128,129,127,127,130
114,117,119,124,126,127,128,129,127,127,130,130
117,119,124,126,127,128,129,127,127,130,130,130
119,124,126,127,128,129,127,127,130,130,130,129
124,126,127,128,129,127,127,130,130,130,129,127
126,127,128,129,127,127,130,130,130,129,127,126
127,128,129,127,127,130,130,130,129,127,126,125
128,129,127,127,130,130,130,129,127,126,125,125
129,127,127,130,130,130,129,127,126,125,125,124
127,127,130,130,130,129,127,126,125,125,124,124
127,130,130,130,129,127,126,125,125,124,124,123
130,130,130,129,127,126,125,125,124,124,123,122
130,130,129,127,126,125,125,124,124,123,122,122
130,129,127,126,125,125,124,124,123,122,122,124
129,127,126,125,125,124,124,123,122,122,124,124
127,126,125,125,124,124,123,122,122,124,124,124
126,125,125,124,124,123,122,122,124,124,124,125
125,125,124,124,123,122,122,124,124,124,125,125
125,124,124,123,122,122,124,124,124,125,125,124
124,124,123,122,122,124,124,124,125,125,124,124
124,123,122,122,124,124,124,125,125,124,124,121
123,122,122,124,124,124,125,125,124,124,121,118
122,122,124,124,124,125,125,124,124,121,118,119
122,124,124,124,125,125,124,124,121,118,119,123
124,124,124,125,125,124,124,121,118,119,123,125
124,124,125,125,124,124,121,118,119,123,125,125
124,125,125,124,124,121,118,119,123,125,125,125
125,125,124,124,121,118,119,123,125,125,125,126
125,124,124,121,118,119,123,125,125,125,126,126
124,124,121,118,119,123,125,125,125,126,126,127
124,121,118,119,123,125,125,125,126,126,127,129
121,118,119,123,125,125,125,126,126,127,129,127
118,119,123,125,125,125,126,126,127,129,127,127
119,123,125,125,125,126,126,127,129,127,127,127
123,125,125,125,126,126,127,129,127,127,127,131
125,125,125,126,126,127,129,127,127,127,131,133
125,125,126,126,127,129,127,127,127,131,133,134
125,126,126,127,129,127,127,127,131,133,134,136
126,126,127,129,127,127,127,131,133,134,136,138
126,127,129,127,127,127,131,133,134,136,138,140
127,129,127,127,127,131,133,134,136,138,140,139
129,127,127,127,131,133,134,136,138,140,139,140
127,127,127,131,133,134,136,138,140,139,140,141
127,127,131,133,134,136,138,140,139,140,141,143
127,131,133,134,136,138,140,139,140,141,143,144
131,133,134,136,138,140,139,140,141,143,144,144
133,134,136,138,140,139,140,141,143,144,144,143
134,136,138,140,139,140,141,143,144,144,143,145
136,138,140,139,140,141,143,144,144,143,145,149
138,140,139,140,141,143,144,144,143,145,149,153
140,139,140,141,143,144,144,143,145,149,153,157
139,140,141,143,144,144,143,145,149,153,157,157
140,141,143,144,144,143,145,149,153,157,157,158
141,143,144,144,143,145,149,153,157,157,158,159
143,144,144,143,145,149,153,157,157,158,159,157
144,144,143,145,149,153,157,157,158,159,157,154
144,143,145,149,153,157,157,158,159,157,154,155
143,145,149,153,157,157,158,159,157,154,155,153
145,149,153,157,157,158,159,157,154,155,153,153
149,153,157,157,158,159,157,154,155,153,153,154
153,157,157,158,159,157,154,155,153,153,154,156
157,157,158,159,157,154,155,153,153,154,156,158
157,158,159,157,154,155,153,153,154,156,158,160
158,159,157,154,155,153,153,154,156,158,160,160
159,157,154,155,153,153,154,156,158,160,160,157
157,154,155,153,153,154,156,158,160,160,157,158
154,155,153,153,154,156,158,160,160,157,158,165
155,153,153,154,156,158,160,160,157,158,165,172
153,153,154,156,158,160,160,157,158,165,172,175
153,154,156,158,160,160,157,158,165,172,175,183
154,156,158,160,160,157,158,165,172,175,183,191
156,158,160,160,157,158,165,172,175,183,191,199
158,160,160,157,158,165,172,175,183,191,199,209
160,160,157,158,165,172,175,183,191,199,209,216
160,157,158,165,172,175,183,191,199,209,216,214
157,158,165,172,175,183,191,199,209,216,214,207
158,165,172,175,183,191,199,209,216,214,207,210
165,172,175,183,191,199,209,216,214,207,210,211
172,175,183,191,199,209,216,214,207,210,211,212
175,183,191,199,209,216,214,207,210,211,212,212
183,191,199,209,216,214,207,210,211,212,212,213
191,199,209,216,214,207,210,211,212,212,213,213
199,209,216,214,207,210,211,212,212,213,213,214
209,216,214,207,210,211,212,212,213,213,214,214
216,214,207,210,211,212,212,213,213,214,214,217
214,207,210,211,212,212,213,213,214,214,217,222
207,210,211,212,212,213,213,214,214,217,222,224
210,211,212,212,213,213,214,214,217,222,224,223
211,212,212,213,213,214,214,217,222,224,223,222
212,212,213,213,214,214,217,222,224,223,222,224
212,213,213,214,214,217,222,224,223,222,224,230
213,213,214,214,217,222,224,223,222,224,230,240
213,214,214,217,222,224,223,222,224,230,240,251
214,214,217,222,224,223,222,224,230,240,251,261
214,217,222,224,223,222,224,230,240,251,261,273
217,222,224,223,222,224,230,240,251,261,273,281
222,224,223,222,224,230,240,251,261,273,281,284
224,223,222,224,230,240,251,261,273,281,284,288
223,222,224,230,240,251,261,273,281,284,288,289
222,224,230,240,251,261,273,281,284,288,289,291
224,230,240,251,261,273,281,284,288,289,291,297
230,240,251,261,273,281,284,288,289,291,297,300
240,251,261,273,281,284,288,289,291,297,300,304
251,261,273,281,284,288,289,291,297,300,304,305
261,273,281,284,288,289,291,297,300,304,305,304
273,281,284,288,289,291,297,300,304,305,304,304
281,284,288,289,291,297,300,304,305,304,304,303
284,288,289,291,297,300,304,305,304,304,303,302
288,289,291,297,300,304,305,304,304,303,302,304
289,291,297,300,304,305,304,304,303,302,304,305
291,297,300,304,305,304,304,303,302,304,305,305
297,300,304,305,304,304,303,302,304,305,305,305
300,304,305,304,304,303,302,304,305,305,305,302
304,305,304,304,303,302,304,305,305,305,302,299
305,304,304,303,302,304,305,305,305,302,299,291
304,304,303,302,304,305,305,305,302,299,291,283
304,303,302,304,305,305,305,302,299,291,283,276
303,302,304,305,305,305,302,299,291,283,276,270
302,304,305,305,305,302,299,291,283,276,270,267
304,305,305,305,302,299,291,283,276,270,267,264
305,305,305,302,299,291,283,276,270,267,264,262
305,305,302,299,291,283,276,270,267,264,262,261
305,302,299,291,283,276,270,267,264,262,261,256
302,299,291,283,276,270,267,264,262,261,256,252
299,291,283,276,270,267,264,262,261,256,252,248
291,283,276,270,267,264,262,261,256,252,248,244
283,276,270,267,264,262,261,256,252,248,244,239
276,270,267,264,262,261,256,252,248,244,239,231
270,267,264,262,261,256,252,248,244,239,231,224
267,264,262,261,256,252,248,244,239,231,224,218
264,262,261,256,252,248,244,239,231,224,218,215
262,261,256,252,248,244,239,231,224,218,215,209
261,256,252,248,244,239,231,224,218,215,209,203
256,252,248,244,239,231,224,218,215,209,203,201
252,248,244,239,231,224,218,215,209,203,201,204
248,244,239,231,224,218,215,209,203,201,204,203
244,239,231,224,218,215,209,203,201,204,203,198
239,231,224,218,215,209,203,201,204,203,198,193
231,224,218,215,209,203,201,204,203,198,193,188
224,218,215,209,203,201,204,203,198,193,188,185
218,215,209,203,201,204,203,198,193,188,185,179
215,209,203,201,204,203,198,193,188,185,179,172
209,203,201,204,203,198,193,188,185,179,172,166
203,201,204,203,198,193,188,185,179,172,166,163
201,204,203,198,193,188,185,179,172,166,163,159
204,203,198,193,188,185,179,172,166,163,159,156
203,198,193,188,185,179,172,166,163,159,156,152
198,193,188,185,179,172,166,163,159,156,152,149
193,188,185,179,172,166,163,159,156,152,149,145
188,185,179,172,166,163,159,156,152,149,145,143
185,179,172,166,163,159,156,152,149,145,143,141
179,172,166,163,159,156,152,149,145,143,141,139
172,166,163,159,156,152,149,145,143,141,139,135
166,163,159,156,152,149,145,143,141,139,135,132
163,159,156,152,149,145,143,141,139,135,132,131
159,156,152,149,145,143,141,139,135,132,131,133
156,152,149,145,143,141,139,135,132,131,133,134
152,149,145,143,141,139,135,132,131,133,134,130
149,145,143,141,139,135,132,131,133,134,130,128
145,143,141,139,135,132,131,133,134,130,128,128
143,141,139,135,132,131,133,134,130,128,128,125
141,139,135,132,131,133,134,130,128,128,125,131
139,135,132,131,133,134,130,128,128,125,131,132
135,132,131,133,134,130,128,128,125,131,132,133
132,131,133,134,130,128,128,125,131,132,133,136
131,133,134,130,128,128,125,131,132,133,136,142
133,134,130,128,128,125,131,132,133,136,142,153
134,130,128,128,125,131,132,133,136,142,153,156
130,128,128,125,131,132,133,136,142,153,156,168
128,128,125,131,132,133,136,142,153,156,168,182
128,125,131,132,133,136,142,153,156,168,182,196
125,131,132,133,136,142,153,156,168,182,196,205
131,132,133,136,142,153,156,168,182,196,205,210
132,133,136,142,153,156,168,182,196,205,210,215
133,136,142,153,156,168,182,196,205,210,215,220
136,142,153,156,168,182,196,205,210,215,220,224
142,153,156,168,182,196,205,210,215,220,224,230
153,156,168,182,196,205,210,215,220,224,230,235
156,168,182,196,205,210,215,220,224,230,235,237
168,182,196,205,210,215,220,224,230,235,237,235
182,196,205,210,215,220,224,230,235,237,235,230
196,205,210,215,220,224,230,235,237,235,230,225
205,210,215,220,224,230,235,237,235,230,225,221
210,215,220,224,230,235,237,235,230,225,221,220
215,220,224,230,235,237,235,230,225,221,220,199
220,224,230,235,237,235,230,225,221,220,199,190
224,230,235,237,235,230,225,221,220,199,190,178
230,235,237,235,230,225,221,220,199,190,178,167
235,237,235,230,225,221,220,199,190,178,167,157
237,235,230,225,221,220,199,190,178,167,157,152
235,230,225,221,220,199,190,178,167,157,152,147
230,225,221,220,199,190,178,167,157,152,147,147
225,221,220,199,190,178,167,157,152,147,147,147
221,220,199,190,178,167,157,152,147,147,147,146
220,199,190,178,167,157,152,147,147,147,146,146
199,190,178,167,157,152,147,147,147,146,146,145
190,178,167,157,152,147,147,147,146,146,145,143
178,167,157,152,147,147,147,146,146,145,143,139
167,157,152,147,147,147,146,146,145,143,139,137
157,152,147,147,147,146,146,145,143,139,137,135
152,147,147,147,146,146,145,143,139,137,135,132
147,147,147,146,146,145,143,139,137,135,132,132
147,147,146,146,145,143,139,137,135,132,132,133
147,146,146,145,143,139,137,135,132,132,133,135
146,146,145,143,139,137,135,132,132,133,135,137
146,145,143,139,137,135,132,132,133,135,137,137
145,143,139,137,135,132,132,133,135,137,137,136
143,139,137,135,132,132,133,135,137,137,136,134
139,137,135,132,132,133,135,137,137,136,134,130
137,135,132,132,133,135,137,137,136,134,130,128
135,132,132,133,135,137,137,136,134,130,128,126
132,132,133,135,137,137,136,134,130,128,126,124
132,133,135,137,137,136,134,130,128,126,124,123
133,135,137,137,136,134,130,128,126,124,123,122
135,137,137,136,134,130,128,126,124,123,122,119
137,137,136,134,130,128,126,124,123,122,119,117
137,136,134,130,128,126,124,123,122,119,117,115
136,134,130,128,126,124,123,122,119,117,115,114
134,130,128,126,124,123,122,119,117,115,114,116
130,128,126,124,123,122,119,117,115,114,116,116
128,126,124,123,122,119,117,115,114,116,116,116
126,124,123,122,119,117,115,114,116,116,116,115
124,123,122,119,117,115,114,116,116,116,115,114
123,122,119,117,115,114,116,116,116,115,114,113
122,119,117,115,114,116,116,116,115,114,113,110
119,117,115,114,116,116,116,115,114,113,110,106
117,115,114,116,116,116,115,114,113,110,106,104
115,114,116,116,116,115,114,113,110,106,104,103
114,116,116,116,115,114,113,110,106,104,103,103
116,116,116,115,114,113,110,106,104,103,103,102
116,116,115,114,113,110,106,104,103,103,102,91
116,115,114,113,110,106,104,103,103,102,91,91
115,114,113,110,106,104,103,103,102,91,91,92
114,113,110,106,104,103,103,102,91,91,92,91
113,110,106,104,103,103,102,91,91,92,91,89
110,106,104,103,103,102,91,91,92,91,89,89
106,104,103,103,102,91,91,92,91,89,89,89
104,103,103,102,91,91,92,91,89,89,89,89
103,103,102,91,91,92,91,89,89,89,89,90
103,102,91,91,92,91,89,89,89,89,90,92
102,91,91,92,91,89,89,89,89,90,92,94
91,91,92,91,89,89,89,89,90,92,94,97
91,92,91,89,89,89,89,90,92,94,97,100
92,91,89,89,89,89,90,92,94,97,100,102
91,89,89,89,89,90,92,94,97,100,102,104
89,89,89,89,90,92,94,97,100,102,104,103
89,89,89,90,92,94,97,100,102,104,103,100
89,89,90,92,94,97,100,102,104,103,100,98
89,90,92,94,97,100,102,104,103,100,98,97
90,92,94,97,100,102,104,103,100,98,97,97
92,94,97,100,102,104,103,100,98,97,97,97
94,97,100,102,104,103,100,98,97,97,97,98
97,100,102,104,103,100,98,97,97,97,98,97
100,102,104,103,100,98,97,97,97,98,97,94
102,104,103,100,98,97,97,97,98,97,94,92
104,103,100,98,97,97,97,98,97,94,92,92
103,100,98,97,97,97,98,97,94,92,92,90
100,98,97,97,97,98,97,94,92,92,90,96
98,97,97,97,98,97,94,92,92,90,96,99
97,97,97,98,97,94,92,92,90,96,99,96
97,97,98,97,94,92,92,90,96,99,96,94
97,98,97,94,92,92,90,96,99,96,94,94
98,97,94,92,92,90,96,99,96,94,94,95
97,94,92,92,90,96,99,96,94,94,95,97
94,92,92,90,96,99,96,94,94,95,97,102
92,92,90,96,99,96,94,94,95,97,102,103
92,90,96,99,96,94,94,95,97,102,103,101
90,96,99,96,94,94,95,97,102,103,101,100
96,99,96,94,94,95,97,102,103,101,100,98
99,96,94,94,95,97,102,103,101,100,98,98
96,94,94,95,97,102,103,101,100,98,98,103
94,94,95,97,102,103,101,100,98,98,103,110
94,95,97,102,103,101,100,98,98,103,110,114
95,97,102,103,101,100,98,98,103,110,114,116
97,102,103,101,100,98,98,103,110,114,116,116
102,103,101,100,98,98,103,110,114,116,116,115
103,101,100,98,98,103,110,114,116,116,115,112
101,100,98,98,103,110,114,116,116,115,112,111
100,98,98,103,110,114,116,116,115,112,111,112
98,98,103,110,114,116,116,115,112,111,112,113
98,103,110,114,116,116,115,112,111,112,113,115
103,110,114,116,116,115,112,111,112,113,115,118
110,114,116,116,115,112,111,112,113,115,118,121
114,116,116,115,112,111,112,113,115,118,121,123
116,116,115,112,111,112,113,115,118,121,123,125
116,115,112,111,112,113,115,118,121,123,125,128
115,112,111,112,113,115,118,121,123,125,128,129
112,111,112,113,115,118,121,123,125,128,129,131
111,112,113,115,118,121,123,125,128,129,131,131
112,113,115,118,121,123,125,128,129,131,131,135
113,115,118,121,123,125,128,129,131,131,135,138
115,118,121,123,125,128,129,131,131,135,138,141
118,121,123,125,128,129,131,131,135,138,141,146
121,123,125,128,129,131,131,135,138,141,146,145
123,125,128,129,131,131,135,138,141,146,145,144
125,128,129,131,131,135,138,141,146,145,144,144
128,129,131,131,135,138,141,146,145,144,144,144
129,131,131,135,138,141,146,145,144,144,144,144
131,131,135,138,141,146,145,144,144,144,144,145
131,135,138,141,146,145,144,144,144,144,145,146
135,138,141,146,145,144,144,144,144,145,146,149
138,141,146,145,144,144,144,144,145,146,149,152
141,146,145,144,144,144,144,145,146,149,152,153
146,145,144,144,144,144,145,146,149,152,153,153
145,144,144,144,144,145,146,149,152,153,153,154
144,144,144,144,145,146,149,152,153,153,154,156
144,144,144,145,146,149,152,153,153,154,156,157
144,144,145,146,149,152,153,153,154,156,157,157
144,145,146,149,152,153,153,154,156,157,157,156
145,146,149,152,153,153,154,156,157,157,156,157
146,149,152,153,153,154,156,157,157,156,157,158
149,152,153,153,154,156,157,157,156,157,158,159
152,153,153,154,156,157,157,156,157,158,159,159
153,153,154,156,157,157,156,157,158,159,159,160
153,154,156,157,157,156,157,158,159,159,160,162
154,156,157,157,156,157,158,159,159,160,162,166
156,157,157,156,157,158,159,159,160,162,166,169
157,157,156,157,158,159,159,160,162,166,169,171
157,156,157,158,159,159,160,162,166,169,171,170
156,157,158,159,159,160,162,166,169,171,170,168
157,158,159,159,160,162,166,169,171,170,168,169
158,159,159,160,162,166,169,171,170,168,169,171
